StyleCode,Title,Description,Type,SubType,Collection,MetalColor,Variant1,Variant2,Variant3,Variant4,Variant5,SizeVariantType,Static_Variant,Variant1_Option,Variant2_Option,Variant3_Option,Variant4_Option,Variant5_Option,Size_Value,Static_Variant_Option,SKU_Format,Image_Folder
AAE00259H,,,Earring,,Tray #28,WG,MTL,DIA,,,,,,18WG,14,,,,,,StyleCode-Variant1Variant2,
AAE01155B,,,Earring,,Tray #28,WG,MTL,DIA,,,,,,18WG,14,,,,,,StyleCode-Variant1Variant2,
AAE01156B,,,Earring,,Tray #28,WG,MTL,DIA,,,,,,18WG,14,,,,,,StyleCode-Variant1Variant2,
AAE04895D,,,Earring,,Tray #20,WG,MTL,DIA,,,,,,18WG,14,,,,,,StyleCode-Variant1Variant2,
AAE07278D,,,Earring,,Tray #20,WG,MTL,DIA,,,,,,18WG,14,,,,,,StyleCode-Variant1Variant2,
AAE11865F,,,Earring,,Tray #19,WG,MTL,DIA,,,,,,18WG,14,,,,,,StyleCode-Variant1Variant2,
AAE12519C,,,Earring,,Tray #19,WG,MTL,DIA,,,,,,18WG,14,,,,,,StyleCode-Variant1Variant2,
AAN01154C,,,Pendant,,Tray #26,WG,MTL,DIA,,,,,,18WG,14,,,,,,StyleCode-Variant1Variant2,
AAN01155D,,,Pendant,,Tray #26,WG,MTL,DIA,,,,,,18WG,14,,,,,,StyleCode-Variant1Variant2,
AAN01156D,,,Pendant,,Tray #26,WG,MTL,DIA,,,,,,18WG,14,,,,,,StyleCode-Variant1Variant2,
AAP00256E,,,Pendant,,Tray #26,WG,MTL,DIA,,,,,,18WG,14,,,,,,StyleCode-Variant1Variant2,
AAP00257C,,,Pendant,,Tray #26,WG,MTL,DIA,,,,,,18WG,14,,,,,,StyleCode-Variant1Variant2,
AAP06025F,,,Pendant,,Tray #22,WG,MTL,DIA,,,,,,18WG,14,,,,,,StyleCode-Variant1Variant2,
AAR00023H,,,Ring,,Tray #06,WG,MTL,DIA,,,,RNGSZ,,18WG,14,,,,53,,StyleCode-Variant1Variant2-Size_Variant,
AAR00024H,,,Ring,,Tray #04,WG,MTL,DIA,,,,RNGSZ,,18WG,14,,,,53,,StyleCode-Variant1Variant2-Size_Variant,
AAR00028H,,,Ring,,Tray #02,WG,MTL,DIA,,,,RNGSZ,,18WG,14,,,,53,,StyleCode-Variant1Variant2-Size_Variant,
AAR00258EE,,,Ring,,Tray #27,WG,MTL,DIA,,,,RNGSZ,,18WG,14,,,,53,,StyleCode-Variant1Variant2-Size_Variant,
AAR00259GE,,,Ring,,Tray #27,WG,MTL,DIA,,,,RNGSZ,,18WG,14,,,,53,,StyleCode-Variant1Variant2-Size_Variant,
AAR00260C,,,Ring,,Tray #27,WG,MTL,DIA,,,,RNGSZ,,18WG,14,,,,53,,StyleCode-Variant1Variant2-Size_Variant,
AAR00269FE,,,Ring,,Tray #27,WG,MTL,DIA,,,,RNGSZ,,18WG,14,,,,53,,StyleCode-Variant1Variant2-Size_Variant,
AAR00330HE,,,Ring,,Tray #07,WG,MTL,DIA,,,,RNGSZ,,18WG,14,,,,53,,StyleCode-Variant1Variant2-Size_Variant,
AAR00341DE,,,Ring,,Tray #11,WG,MTL,DIA,,,,RNGSZ,,18WG,14,,,,53,,StyleCode-Variant1Variant2-Size_Variant,
AAR01095H,,,Ring,,Tray #02,WG,MTL,DIA,,,,RNGSZ,,18WG,14,,,,53,,StyleCode-Variant1Variant2-Size_Variant,
AAR01154C,,,Ring,,Tray #27,WG,MTL,DIA,,,,RNGSZ,,18WG,14,,,,53,,StyleCode-Variant1Variant2-Size_Variant,
AAR01155D,,,Ring,,Tray #27,WG,MTL,DIA,,,,RNGSZ,,18WG,14,,,,53,,StyleCode-Variant1Variant2-Size_Variant,
AAR01156D,,,Ring,,Tray #27,WG,MTL,DIA,,,,RNGSZ,,18WG,14,,,,53,,StyleCode-Variant1Variant2-Size_Variant,
AAR01591G,,,Ring,,Cancelled,WG,MTL,DIA,,,,RNGSZ,,18WG,14,,,,53,,StyleCode-Variant1Variant2-Size_Variant,
AAR01800H,,,Ring,,Tray #05,WG,MTL,DIA,,,,RNGSZ,,18WG,14,,,,53,,StyleCode-Variant1Variant2-Size_Variant,
AAR02186F,,,Ring,,Cancelled,WG,MTL,DIA,,,,RNGSZ,,18WG,14,,,,53,,StyleCode-Variant1Variant2-Size_Variant,
AAR02274G,,,Ring,,Cancelled,WG,MTL,DIA,,,,RNGSZ,,18WG,14,,,,53,,StyleCode-Variant1Variant2-Size_Variant,
AAR02275H,,,Ring,,Tray #04,WG,MTL,DIA,,,,RNGSZ,,18WG,14,,,,53,,StyleCode-Variant1Variant2-Size_Variant,
AAR03132HE,,,Ring,,Cancelled,WG,MTL,DIA,,,,RNGSZ,,18WG,14,,,,53,,StyleCode-Variant1Variant2-Size_Variant,
AAR04481D,,,Ring,,Tray #03,WG,MTL,DIA,,,,RNGSZ,,18WG,14,,,,53,,StyleCode-Variant1Variant2-Size_Variant,
AAR05229YE,,,Ring,,Cancelled,WG,MTL,DIA,,,,RNGSZ,,18WG,14,,,,53,,StyleCode-Variant1Variant2-Size_Variant,
AAR06032F,,,Ring,,Tray #01,WG,MTL,DIA,,,,RNGSZ,,18WG,14,,,,53,,StyleCode-Variant1Variant2-Size_Variant,
AAR06820SE,,,Ring,,Tray #07,WG,MTL,DIA,,,,RNGSZ,,18WG,14,,,,53,,StyleCode-Variant1Variant2-Size_Variant,
AAR06822JE,,,Ring,,Tray #07,WG,MTL,DIA,,,,RNGSZ,,18WG,14,,,,53,,StyleCode-Variant1Variant2-Size_Variant,
CP2759G,,,Pendant,,Tray #24,WG,MTL,DIA,,,,,,18WG,14,,,,,,StyleCode-Variant1Variant2,
CP2765A,,,Pendant,,Cancelled,WG,MTL,DIA,,,,,,18WG,14,,,,,,StyleCode-Variant1Variant2,
CP2767F,,,Pendant,,Cancelled,WG,MTL,DIA,,,,,,18WG,14,,,,,,StyleCode-Variant1Variant2,
DP2442B,,,Pendant,,Tray #23,WG,MTL,DIA,,,,,,18WG,14,,,,,,StyleCode-Variant1Variant2,
DP4035E,,,Pendant,,Cancelled,WG,MTL,DIA,,,,,,18WG,14,,,,,,StyleCode-Variant1Variant2,
DP4035F,,,Pendant,,Cancelled,WG,MTL,DIA,,,,,,18WG,14,,,,,,StyleCode-Variant1Variant2,
EE0654R,,,Earring,,Tray #16,WG,MTL,DIA,,,,,,18WG,14,,,,,,StyleCode-Variant1Variant2,
FE0158FB,,,Earring,,Tray #16,WG,MTL,DIA,,,,,,18WG,14,,,,,,StyleCode-Variant1Variant2,
GE0353K,,,Earring,,Loose,WG,MTL,DIA,,,,,,18WG,14,,,,,,StyleCode-Variant1Variant2,
GP0450A,,,Pendant,,Tray #23,WG,MTL,DIA,,,,,,18WG,14,,,,,,StyleCode-Variant1Variant2,
GP1260G,,,Pendant,,Tray #21,WG,MTL,DIA,,,,,,18WG,14,,,,,,StyleCode-Variant1Variant2,
GP2054D,,,Pendant,,Tray #21,WG,MTL,DIA,,,,,,18WG,14,,,,,,StyleCode-Variant1Variant2,
GP4237DA,,,Pendant,,Tray #23,WG,MTL,DIA,,,,,,18WG,14,,,,,,StyleCode-Variant1Variant2,
KE4249F,,,Earring,,Tray #16,WG,MTL,DIA,,,,,,18WG,14,,,,,,StyleCode-Variant1Variant2,
KP2128AB,,,Pendant,,Cancelled,WG,MTL,DIA,,,,,,18WG,14,,,,,,StyleCode-Variant1Variant2,
KZ0556A,,,Charms,,Tray #23,WG,MTL,DIA,,,,,,18WG,14,,,,,,StyleCode-Variant1Variant2,
KZ0766A,,,Charms,,Tray #23,WG,MTL,DIA,,,,,,18WG,14,,,,,,StyleCode-Variant1Variant2,
LE1551F,,,Earring,,Loose,WG,MTL,DIA,,,,,,18WG,14,,,,,,StyleCode-Variant1Variant2,
LE1748F,,,Earring,,Tray #28,WG,MTL,DIA,,,,,,18WG,14,,,,,,StyleCode-Variant1Variant2,
LE1790A,,,Earring,,Tray #18,WG,MTL,DIA,,,,,,18WG,14,,,,,,StyleCode-Variant1Variant2,
LE1791A,,,Earring,,Tray #18,WG,MTL,DIA,,,,,,18WG,14,,,,,,StyleCode-Variant1Variant2,
LE1791C,,,Earring,,Tray #18,WG,MTL,DIA,,,,,,18WG,14,,,,,,StyleCode-Variant1Variant2,
LP1350A,,,Pendant,,Cancelled,WG,MTL,DIA,,,,,,18WG,14,,,,,,StyleCode-Variant1Variant2,
LP1801D,,,Pendant,,Tray #21,WG,MTL,DIA,,,,,,18WG,14,,,,,,StyleCode-Variant1Variant2,
ME0539C,,,Earring,,Tray #19,WG,MTL,DIA,,,,,,18WG,14,,,,,,StyleCode-Variant1Variant2,
MP5013AA,,,Pendant,,Cancelled,WG,MTL,DIA,,,,,,18WG,14,,,,,,StyleCode-Variant1Variant2,
NP1203B,,,Pendant,,Cancelled,WG,MTL,DIA,,,,,,18WG,14,,,,,,StyleCode-Variant1Variant2,
PE0287F,,,Earring,,Tray #16,WG,MTL,DIA,,,,,,18WG,14,,,,,,StyleCode-Variant1Variant2,
PE1045F,,,Earring,,Tray #18,WG,MTL,DIA,,,,,,18WG,14,,,,,,StyleCode-Variant1Variant2,
PN1676D,,,Pendant,,Cancelled,WG,MTL,DIA,,,,,,18WG,14,,,,,,StyleCode-Variant1Variant2,
PN1691D,,,Pendant,,Tray #24,WG,MTL,DIA,,,,,,18WG,14,,,,,,StyleCode-Variant1Variant2,
PP0647A,,,Pendant,,Tray #24,WG,MTL,DIA,,,,,,18WG,14,,,,,,StyleCode-Variant1Variant2,
PP0648D,,,Pendant,,Tray #21,WG,MTL,DIA,,,,,,18WG,14,,,,,,StyleCode-Variant1Variant2,
PP1596A,,,Pendant,,Cancelled,WG,MTL,DIA,,,,,,18WG,14,,,,,,StyleCode-Variant1Variant2,
QE0783F,,,Earring,,Tray #17,WG,MTL,DIA,,,,,,18WG,14,,,,,,StyleCode-Variant1Variant2,
QE1165C,,,Earring,,Loose,WG,MTL,DIA,,,,,,18WG,14,,,,,,StyleCode-Variant1Variant2,
QE1479D,,,Earring,,Tray #18,WG,MTL,DIA,,,,,,18WG,14,,,,,,StyleCode-Variant1Variant2,
QP1246A,,,Pendant,,Tray #22,WG,MTL,DIA,,,,,,18WG,14,,,,,,StyleCode-Variant1Variant2,
SE1011K,,,Earring,,Tray #16,WG,MTL,DIA,,,,,,18WG,14,,,,,,StyleCode-Variant1Variant2,
SE1355F,,,Earring,,Tray #28,WG,MTL,DIA,,,,,,18WG,14,,,,,,StyleCode-Variant1Variant2,
SE5836H,,,Earring,,Tray #19,WG,MTL,DIA,,,,,,18WG,14,,,,,,StyleCode-Variant1Variant2,
SK0735Z,,,Necklace,,Cancelled,WG,MTL,DIA,,,,,,18WG,14,,,,,,StyleCode-Variant1Variant2,
SK1740D,,,Necklace,,Tray #22,WG,MTL,DIA,,,,,,18WG,14,,,,,,StyleCode-Variant1Variant2,
SP5834H,,,Pendant,,Cancelled,WG,MTL,DIA,,,,,,18WG,14,,,,,,StyleCode-Variant1Variant2,
TE2394BA,,,Earring,,Loose,WG,MTL,DIA,,,,,,18WG,14,,,,,,StyleCode-Variant1Variant2,
TE4431F,,,Earring,,Cancelled,WG,MTL,DIA,,,,,,18WG,14,,,,,,StyleCode-Variant1Variant2,
TE4478F,,,Earring,,Tray #28,WG,MTL,DIA,,,,,,18WG,14,,,,,,StyleCode-Variant1Variant2,
TE5109A,,,Earring,,Tray #20,WG,MTL,DIA,,,,,,18WG,14,,,,,,StyleCode-Variant1Variant2,
TN1548A,,,Pendant,,Tray #24,WG,MTL,DIA,,,,,,18WG,14,,,,,,StyleCode-Variant1Variant2,
TP1893A,,,Pendant,,Cancelled,WG,MTL,DIA,,,,,,18WG,14,,,,,,StyleCode-Variant1Variant2,
TP1894A,,,Pendant,,Cancelled,WG,MTL,DIA,,,,,,18WG,14,,,,,,StyleCode-Variant1Variant2,
TP3257F,,,Pendant,,Cancelled,WG,MTL,DIA,,,,,,18WG,14,,,,,,StyleCode-Variant1Variant2,
TP4431D,,,Pendant,,Cancelled,WG,MTL,DIA,,,,,,18WG,14,,,,,,StyleCode-Variant1Variant2,
TP4431F,,,Pendant,,Cancelled,WG,MTL,DIA,,,,,,18WG,14,,,,,,StyleCode-Variant1Variant2,
TXE01989,,,Earring,,Tray #17,WG,MTL,DIA,,,,,,18WG,14,,,,,,StyleCode-Variant1Variant2,
TXE01999,,,Earring,,Tray #17,WG,MTL,DIA,,,,,,18WG,14,,,,,,StyleCode-Variant1Variant2,
TXE03829,,,Earring,,Cancelled,WG,MTL,DIA,,,,,,18WG,14,,,,,,StyleCode-Variant1Variant2,
TXE03831,,,Earring,,Tray #17,WG,MTL,DIA,,,,,,18WG,14,,,,,,StyleCode-Variant1Variant2,
UN1110A,,,Pendant,,Tray #22,WG,MTL,DIA,,,,,,18WG,14,,,,,,StyleCode-Variant1Variant2,
UN6685A,,,Pendant,,Cancelled,WG,MTL,DIA,,,,,,18WG,14,,,,,,StyleCode-Variant1Variant2,
UN6720A,,,Pendant,,Cancelled,WG,MTL,DIA,,,,,,18WG,14,,,,,,StyleCode-Variant1Variant2,
UN6946A,,,Pendant,,Cancelled,WG,MTL,DIA,,,,,,18WG,14,,,,,,StyleCode-Variant1Variant2,
UP3787B,,,Pendant,,Cancelled,WG,MTL,DIA,,,,,,18WG,14,,,,,,StyleCode-Variant1Variant2,
VE0314D,,,Earring,,Tray #20,WG,MTL,DIA,,,,,,18WG,14,,,,,,StyleCode-Variant1Variant2,
VE0794D,,,Earring,,Tray #17,WG,MTL,DIA,,,,,,18WG,14,,,,,,StyleCode-Variant1Variant2,
VE1225A,,,Earring,,Tray #20,WG,MTL,DIA,,,,,,18WG,14,,,,,,StyleCode-Variant1Variant2,
VE2384A,,,Earring,,Tray #20,WG,MTL,DIA,,,,,,18WG,14,,,,,,StyleCode-Variant1Variant2,
VE2989A,,,Earring,,Tray #19,WG,MTL,DIA,,,,,,18WG,14,,,,,,StyleCode-Variant1Variant2,
VE5478MB,,,Earring,,Loose,WG,MTL,DIA,,,,,,18WG,14,,,,,,StyleCode-Variant1Variant2,
VE5478N,,,Earring,,Loose,WG,MTL,DIA,,,,,,18WG,14,,,,,,StyleCode-Variant1Variant2,
VE7420F,,,Earring,,Loose,WG,MTL,DIA,,,,,,18WG,14,,,,,,StyleCode-Variant1Variant2,
VE7799E,,,Earring,,Tray #16,WG,MTL,DIA,,,,,,18WG,14,,,,,,StyleCode-Variant1Variant2,
VN4517A,,,Pendant,,Cancelled,WG,MTL,DIA,,,,,,18WG,14,,,,,,StyleCode-Variant1Variant2,
VN5256A,,,Pendant,,Tray #22,WG,MTL,DIA,,,,,,18WG,14,,,,,,StyleCode-Variant1Variant2,
VR0940A,,,Ring,,Cancelled,WG,MTL,DIA,,,,RNGSZ,,18WG,14,,,,53,,StyleCode-Variant1Variant2-Size_Variant,
WE0094M,,,Earring,,Loose,WG,MTL,DIA,,,,,,18WG,14,,,,,,StyleCode-Variant1Variant2,
WE0094P,,,Earring,,Loose,WG,MTL,DIA,,,,,,18WG,14,,,,,,StyleCode-Variant1Variant2,
WE1651H,,,Earring,,Loose,WG,MTL,DIA,,,,,,18WG,14,,,,,,StyleCode-Variant1Variant2,
WE1651K,,,Earring,,Loose,WG,MTL,DIA,,,,,,18WG,14,,,,,,StyleCode-Variant1Variant2,
WE1651M,,,Earring,,Loose,WG,MTL,DIA,,,,,,18WG,14,,,,,,StyleCode-Variant1Variant2,
WE2135U,,,Earring,,Cancelled,WG,MTL,DIA,,,,,,18WG,14,,,,,,StyleCode-Variant1Variant2,
WE2781D,,,Earring,,Tray #19,WG,MTL,DIA,,,,,,18WG,14,,,,,,StyleCode-Variant1Variant2,
XE2076G,,,Earring,,Loose,WG,MTL,DIA,,,,,,18WG,14,,,,,,StyleCode-Variant1Variant2,
XE2501E,,,Earring,,Tray #18,WG,MTL,DIA,,,,,,18WG,14,,,,,,StyleCode-Variant1Variant2,
XN7944X,,,Pendant,,Tray #24,WG,MTL,DIA,,,,,,18WG,14,,,,,,StyleCode-Variant1Variant2,
XP2134F,,,Pendant,,Tray #22,WG,MTL,DIA,,,,,,18WG,14,,,,,,StyleCode-Variant1Variant2,
XR0024EL,,,Ring,,Tray #03,WG,MTL,DIA,,,,RNGSZ,,18WG,14,,,,53,,StyleCode-Variant1Variant2-Size_Variant,
XR0025XL,,,Ring,,Tray #05,WG,MTL,DIA,,,,RNGSZ,,18WG,14,,,,53,,StyleCode-Variant1Variant2-Size_Variant,
XR0027EL,,,Ring,,Tray #09,WG,MTL,DIA,,,,RNGSZ,,18WG,14,,,,53,,StyleCode-Variant1Variant2-Size_Variant,
XR0032BL,,,Ring,,Tray #03,WG,MTL,DIA,,,,RNGSZ,,18WG,14,,,,53,,StyleCode-Variant1Variant2-Size_Variant,
XR0041F,,,Ring,,Tray #04,WG,MTL,DIA,,,,RNGSZ,,18WG,14,,,,53,,StyleCode-Variant1Variant2-Size_Variant,
XR0051SE,,,Ring,,Tray #11,WG,MTL,DIA,,,,RNGSZ,,18WG,14,,,,53,,StyleCode-Variant1Variant2-Size_Variant,
XR0396J,,,Ring,,Cancelled,WG,MTL,DIA,,,,RNGSZ,,18WG,14,,,,53,,StyleCode-Variant1Variant2-Size_Variant,
XR0526XE,,,Ring,,Tray #11,WG,MTL,DIA,,,,RNGSZ,,18WG,14,,,,53,,StyleCode-Variant1Variant2-Size_Variant,
XR0580ZEA,,,Ring,,Tray #11,WG,MTL,DIA,,,,RNGSZ,,18WG,14,,,,53,,StyleCode-Variant1Variant2-Size_Variant,
XR0609FE,,,Ring,,Tray #12,WG,MTL,DIA,,,,RNGSZ,,18WG,14,,,,53,,StyleCode-Variant1Variant2-Size_Variant,
XR0713J,,,Ring,,Tray #02,WG,MTL,DIA,,,,RNGSZ,,18WG,14,,,,53,,StyleCode-Variant1Variant2-Size_Variant,
XR1037JL,,,Ring,,Tray #03,WG,MTL,DIA,,,,RNGSZ,,18WG,14,,,,53,,StyleCode-Variant1Variant2-Size_Variant,
XR1047GEA,,,Ring,,Tray #14,WG,MTL,DIA,,,,RNGSZ,,18WG,14,,,,53,,StyleCode-Variant1Variant2-Size_Variant,
XR1047HE,,,Ring,,Tray #13,WG,MTL,DIA,,,,RNGSZ,,18WG,14,,,,53,,StyleCode-Variant1Variant2-Size_Variant,
XR1048HE,,,Ring,,Tray #15,WG,MTL,DIA,,,,RNGSZ,,18WG,14,,,,53,,StyleCode-Variant1Variant2-Size_Variant,
XR1051JE,,,Ring,,Tray #14,WG,MTL,DIA,,,,RNGSZ,,18WG,14,,,,53,,StyleCode-Variant1Variant2-Size_Variant,
XR1052HE,,,Ring,,Tray #14,WG,MTL,DIA,,,,RNGSZ,,18WG,14,,,,53,,StyleCode-Variant1Variant2-Size_Variant,
XR1053GE,,,Ring,,Tray #14,WG,MTL,DIA,,,,RNGSZ,,18WG,14,,,,53,,StyleCode-Variant1Variant2-Size_Variant,
XR1087K,,,Ring,,Tray #06,WG,MTL,DIA,,,,RNGSZ,,18WG,14,,,,53,,StyleCode-Variant1Variant2-Size_Variant,
XR1787G,,,Ring,,Tray #06,WG,MTL,DIA,,,,RNGSZ,,18WG,14,,,,53,,StyleCode-Variant1Variant2-Size_Variant,
XR1848H,,,Ring,,Tray #25,WG,MTL,DIA,,,,RNGSZ,,18WG,14,,,,53,,StyleCode-Variant1Variant2-Size_Variant,
XR1849GE,,,Ring,,Tray #15,WG,MTL,DIA,,,,RNGSZ,,18WG,14,,,,53,,StyleCode-Variant1Variant2-Size_Variant,
XR1850D,,,Ring,,Tray #09,WG,MTL,DIA,,,,RNGSZ,,18WG,14,,,,53,,StyleCode-Variant1Variant2-Size_Variant,
XR1996GE,,,Ring,,Cancelled,WG,MTL,DIA,,,,RNGSZ,,18WG,14,,,,53,,StyleCode-Variant1Variant2-Size_Variant,
XR2024H,,,Ring,,Tray #06,WG,MTL,DIA,,,,RNGSZ,,18WG,14,,,,53,,StyleCode-Variant1Variant2-Size_Variant,
XR2073S,,,Ring,,Tray #09,WG,MTL,DIA,,,,RNGSZ,,18WG,14,,,,53,,StyleCode-Variant1Variant2-Size_Variant,
XR2074H,,,Ring,,Tray #09,WG,MTL,DIA,,,,RNGSZ,,18WG,14,,,,53,,StyleCode-Variant1Variant2-Size_Variant,
XR2149KE,,,Ring,,Tray #13,WG,MTL,DIA,,,,RNGSZ,,18WG,14,,,,53,,StyleCode-Variant1Variant2-Size_Variant,
XR2149KL,,,Ring,,Cancelled,WG,MTL,DIA,,,,RNGSZ,,18WG,14,,,,53,,StyleCode-Variant1Variant2-Size_Variant,
XR2425SE,,,Ring,,Tray #14,WG,MTL,DIA,,,,RNGSZ,,18WG,14,,,,53,,StyleCode-Variant1Variant2-Size_Variant,
XR2426GE,,,Ring,,Tray #15,WG,MTL,DIA,,,,RNGSZ,,18WG,14,,,,53,,StyleCode-Variant1Variant2-Size_Variant,
XR2427N,,,Ring,,Tray #02,WG,MTL,DIA,,,,RNGSZ,,18WG,14,,,,53,,StyleCode-Variant1Variant2-Size_Variant,
XR2429GEA,,,Ring,,Tray #14,WG,MTL,DIA,,,,RNGSZ,,18WG,14,,,,53,,StyleCode-Variant1Variant2-Size_Variant,
XR2429SE,,,Ring,,Tray #14,WG,MTL,DIA,,,,RNGSZ,,18WG,14,,,,53,,StyleCode-Variant1Variant2-Size_Variant,
XR2638SE,,,Ring,,Cancelled,WG,MTL,DIA,,,,RNGSZ,,18WG,14,,,,53,,StyleCode-Variant1Variant2-Size_Variant,
XR2640SE,,,Ring,,Tray #10,WG,MTL,DIA,,,,RNGSZ,,18WG,14,,,,53,,StyleCode-Variant1Variant2-Size_Variant,
XR2643Z,,,Ring,,Tray #25,WG,MTL,DIA,,,,RNGSZ,,18WG,14,,,,53,,StyleCode-Variant1Variant2-Size_Variant,
XR2644SE,,,Ring,,Tray #10,WG,MTL,DIA,,,,RNGSZ,,18WG,14,,,,53,,StyleCode-Variant1Variant2-Size_Variant,
XR2677HE,,,Ring,,Tray #12,WG,MTL,DIA,,,,RNGSZ,,18WG,14,,,,53,,StyleCode-Variant1Variant2-Size_Variant,
XR2678XE,,,Ring,,Cancelled,WG,MTL,DIA,,,,RNGSZ,,18WG,14,,,,53,,StyleCode-Variant1Variant2-Size_Variant,
XR2679SE,,,Ring,,Tray #07,WG,MTL,DIA,,,,RNGSZ,,18WG,14,,,,53,,StyleCode-Variant1Variant2-Size_Variant,
XR2681HE,,,Ring,,Tray #11,WG,MTL,DIA,,,,RNGSZ,,18WG,14,,,,53,,StyleCode-Variant1Variant2-Size_Variant,
XR2704DEA,,,Ring,,Cancelled,WG,MTL,DIA,,,,RNGSZ,,18WG,14,,,,53,,StyleCode-Variant1Variant2-Size_Variant,
XR2705GE,,,Ring,,Tray #12,WG,MTL,DIA,,,,RNGSZ,,18WG,14,,,,53,,StyleCode-Variant1Variant2-Size_Variant,
XR2712ZL,,,Ring,,Cancelled,WG,MTL,DIA,,,,RNGSZ,,18WG,14,,,,53,,StyleCode-Variant1Variant2-Size_Variant,
XR2714CE,,,Ring,,Cancelled,WG,MTL,DIA,,,,RNGSZ,,18WG,14,,,,53,,StyleCode-Variant1Variant2-Size_Variant,
XR2717CE,,,Ring,,Cancelled,WG,MTL,DIA,,,,RNGSZ,,18WG,14,,,,53,,StyleCode-Variant1Variant2-Size_Variant,
XR2717CL,,,Ring,,Tray #11,WG,MTL,DIA,,,,RNGSZ,,18WG,14,,,,53,,StyleCode-Variant1Variant2-Size_Variant,
XR2749D,,,Ring,,Tray #03,WG,MTL,DIA,,,,RNGSZ,,18WG,14,,,,53,,StyleCode-Variant1Variant2-Size_Variant,
XR2772FE,,,Ring,,Tray #10,WG,MTL,DIA,,,,RNGSZ,,18WG,14,,,,53,,StyleCode-Variant1Variant2-Size_Variant,
XR2802EE,,,Ring,,Tray #13,WG,MTL,DIA,,,,RNGSZ,,18WG,14,,,,53,,StyleCode-Variant1Variant2-Size_Variant,
XR2804FE,,,Ring,,Cancelled,WG,MTL,DIA,,,,RNGSZ,,18WG,14,,,,53,,StyleCode-Variant1Variant2-Size_Variant,
XR2804FL,,,Ring,,Tray #12,WG,MTL,DIA,,,,RNGSZ,,18WG,14,,,,53,,StyleCode-Variant1Variant2-Size_Variant,
XR2993XE,,,Ring,,Cancelled,WG,MTL,DIA,,,,RNGSZ,,18WG,14,,,,53,,StyleCode-Variant1Variant2-Size_Variant,
XR2993XL,,,Ring,,Tray #12,WG,MTL,DIA,,,,RNGSZ,,18WG,14,,,,53,,StyleCode-Variant1Variant2-Size_Variant,
XR3001F,,,Ring,,Tray #10,WG,MTL,DIA,,,,RNGSZ,,18WG,14,,,,53,,StyleCode-Variant1Variant2-Size_Variant,
XR3082JE,,,Ring,,Cancelled,WG,MTL,DIA,,,,RNGSZ,,18WG,14,,,,53,,StyleCode-Variant1Variant2-Size_Variant,
XR3082JL,,,Ring,,Tray #15,WG,MTL,DIA,,,,RNGSZ,,18WG,14,,,,53,,StyleCode-Variant1Variant2-Size_Variant,
XR3358GE,,,Ring,,Tray #13,WG,MTL,DIA,,,,RNGSZ,,18WG,14,,,,53,,StyleCode-Variant1Variant2-Size_Variant,
XR3358GE1,,,Ring,,Tray #13,WG,MTL,DIA,,,,RNGSZ,,18WG,14,,,,53,,StyleCode-Variant1Variant2-Size_Variant,
XR3442SE,,,Ring,,Tray #12,WG,MTL,DIA,,,,RNGSZ,,18WG,14,,,,53,,StyleCode-Variant1Variant2-Size_Variant,
XR3464F,,,Ring,,Tray #09,WG,MTL,DIA,,,,RNGSZ,,18WG,14,,,,53,,StyleCode-Variant1Variant2-Size_Variant,
XR3469J,,,Ring,,Tray #06,WG,MTL,DIA,,,,RNGSZ,,18WG,14,,,,53,,StyleCode-Variant1Variant2-Size_Variant,
XR3511F,,,Ring,,Tray #05,WG,MTL,DIA,,,,RNGSZ,,18WG,14,,,,53,,StyleCode-Variant1Variant2-Size_Variant,
XR3550F,,,Ring,,Tray #03,WG,MTL,DIA,,,,RNGSZ,,18WG,14,,,,53,,StyleCode-Variant1Variant2-Size_Variant,
XR3659DG,,,Ring,,Tray #08,WG,MTL,DIA,,,,RNGSZ,,18WG,14,,,,53,,StyleCode-Variant1Variant2-Size_Variant,
XR4369JEC,,,Ring,,Tray #15,WG,MTL,DIA,,,,RNGSZ,,18WG,14,,,,53,,StyleCode-Variant1Variant2-Size_Variant,
XR4369JLC,,,Ring,,Cancelled,WG,MTL,DIA,,,,RNGSZ,,18WG,14,,,,53,,StyleCode-Variant1Variant2-Size_Variant,
XR4369SE,,,Ring,,Cancelled,WG,MTL,DIA,,,,RNGSZ,,18WG,14,,,,53,,StyleCode-Variant1Variant2-Size_Variant,
XR4370KL,,,Ring,,Tray #03,WG,MTL,DIA,,,,RNGSZ,,18WG,14,,,,53,,StyleCode-Variant1Variant2-Size_Variant,
XR4585S,,,Ring,,Tray #06,WG,MTL,DIA,,,,RNGSZ,,18WG,14,,,,53,,StyleCode-Variant1Variant2-Size_Variant,
XR4603JG,,,Ring,,Tray #08,WG,MTL,DIA,,,,RNGSZ,,18WG,14,,,,53,,StyleCode-Variant1Variant2-Size_Variant,
XR4604EG,,,Ring,,Tray #08,WG,MTL,DIA,,,,RNGSZ,,18WG,14,,,,53,,StyleCode-Variant1Variant2-Size_Variant,
XR4610SG,,,Ring,,Tray #08,WG,MTL,DIA,,,,RNGSZ,,18WG,14,,,,53,,StyleCode-Variant1Variant2-Size_Variant,
XR4665GE,,,Ring,,Tray #12,WG,MTL,DIA,,,,RNGSZ,,18WG,14,,,,53,,StyleCode-Variant1Variant2-Size_Variant,
XR4665GL,,,Ring,,Tray #12,WG,MTL,DIA,,,,RNGSZ,,18WG,14,,,,53,,StyleCode-Variant1Variant2-Size_Variant,
XR4670HE,,,Ring,,Tray #12,WG,MTL,DIA,,,,RNGSZ,,18WG,14,,,,53,,StyleCode-Variant1Variant2-Size_Variant,
XR4670HL,,,Ring,,Cancelled,WG,MTL,DIA,,,,RNGSZ,,18WG,14,,,,53,,StyleCode-Variant1Variant2-Size_Variant,
XR4672RE,,,Ring,,Tray #12,WG,MTL,DIA,,,,RNGSZ,,18WG,14,,,,53,,StyleCode-Variant1Variant2-Size_Variant,
XR4672RL,,,Ring,,Cancelled,WG,MTL,DIA,,,,RNGSZ,,18WG,14,,,,53,,StyleCode-Variant1Variant2-Size_Variant,
XR4940F,,,Ring,,Tray #05,WG,MTL,DIA,,,,RNGSZ,,18WG,14,,,,53,,StyleCode-Variant1Variant2-Size_Variant,
XR4943G,,,Ring,,Tray #05,WG,MTL,DIA,,,,RNGSZ,,18WG,14,,,,53,,StyleCode-Variant1Variant2-Size_Variant,
XR4944H,,,Ring,,Tray #05,WG,MTL,DIA,,,,RNGSZ,,18WG,14,,,,53,,StyleCode-Variant1Variant2-Size_Variant,
XR4945F,,,Ring,,Tray #05,WG,MTL,DIA,,,,RNGSZ,,18WG,14,,,,53,,StyleCode-Variant1Variant2-Size_Variant,
XR4999XEA,,,Ring,,Tray #10,WG,MTL,DIA,,,,RNGSZ,,18WG,14,,,,53,,StyleCode-Variant1Variant2-Size_Variant,
XR5069G,,,Ring,,Tray #05,WG,MTL,DIA,,,,RNGSZ,,18WG,14,,,,53,,StyleCode-Variant1Variant2-Size_Variant,
XR5161LE,,,Ring,,Tray #14,WG,MTL,DIA,,,,RNGSZ,,18WG,14,,,,53,,StyleCode-Variant1Variant2-Size_Variant,
XR5168KE,,,Ring,,Tray #14,WG,MTL,DIA,,,,RNGSZ,,18WG,14,,,,53,,StyleCode-Variant1Variant2-Size_Variant,
XR5286AG,,,Ring,,Tray #08,WG,MTL,DIA,,,,RNGSZ,,18WG,14,,,,53,,StyleCode-Variant1Variant2-Size_Variant,
XR5323SE,,,Ring,,Tray #13,WG,MTL,DIA,,,,RNGSZ,,18WG,14,,,,53,,StyleCode-Variant1Variant2-Size_Variant,
XR5415SE,,,Ring,,Tray #14,WG,MTL,DIA,,,,RNGSZ,,18WG,14,,,,53,,StyleCode-Variant1Variant2-Size_Variant,
XR5468F,,,Ring,,Tray #04,WG,MTL,DIA,,,,RNGSZ,,18WG,14,,,,53,,StyleCode-Variant1Variant2-Size_Variant,
XR5564S,,,Ring,,Tray #06,WG,MTL,DIA,,,,RNGSZ,,18WG,14,,,,53,,StyleCode-Variant1Variant2-Size_Variant,
XR5643JE,,,Ring,,Tray #11,WG,MTL,DIA,,,,RNGSZ,,18WG,14,,,,53,,StyleCode-Variant1Variant2-Size_Variant,
XR5929BG,,,Ring,,Tray #08,WG,MTL,DIA,,,,RNGSZ,,18WG,14,,,,53,,StyleCode-Variant1Variant2-Size_Variant,
XR6230C,,,Ring,,Tray #03,WG,MTL,DIA,,,,RNGSZ,,18WG,14,,,,53,,StyleCode-Variant1Variant2-Size_Variant,
XR6230CA,,,Ring,,Cancelled,WG,MTL,DIA,,,,RNGSZ,,18WG,14,,,,53,,StyleCode-Variant1Variant2-Size_Variant,
XR6241A,,,Ring,,Cancelled,WG,MTL,DIA,,,,RNGSZ,,18WG,14,,,,53,,StyleCode-Variant1Variant2-Size_Variant,
XR6241AA,,,Ring,,Tray #25,WG,MTL,DIA,,,,RNGSZ,,18WG,14,,,,53,,StyleCode-Variant1Variant2-Size_Variant,
XR6782J,,,Ring,,Tray #02,WG,MTL,DIA,,,,RNGSZ,,18WG,14,,,,53,,StyleCode-Variant1Variant2-Size_Variant,
XR6855LE,,,Ring,,Tray #15,WG,MTL,DIA,,,,RNGSZ,,18WG,14,,,,53,,StyleCode-Variant1Variant2-Size_Variant,
XR6874LE,,,Ring,,Tray #14,WG,MTL,DIA,,,,RNGSZ,,18WG,14,,,,53,,StyleCode-Variant1Variant2-Size_Variant,
XR7401J,,,Ring,,Tray #06,WG,MTL,DIA,,,,RNGSZ,,18WG,14,,,,53,,StyleCode-Variant1Variant2-Size_Variant,
XR7402J,,,Ring,,Tray #09,WG,MTL,DIA,,,,RNGSZ,,18WG,14,,,,53,,StyleCode-Variant1Variant2-Size_Variant,
XR7427H,,,Ring,,Tray #05,WG,MTL,DIA,,,,RNGSZ,,18WG,14,,,,53,,StyleCode-Variant1Variant2-Size_Variant,
XR7429G,,,Ring,,Tray #05,WG,MTL,DIA,,,,RNGSZ,,18WG,14,,,,53,,StyleCode-Variant1Variant2-Size_Variant,
XR7477J,,,Ring,,Tray #06,WG,MTL,DIA,,,,RNGSZ,,18WG,14,,,,53,,StyleCode-Variant1Variant2-Size_Variant,
XR7661E,,,Ring,,Tray #05,WG,MTL,DIA,,,,RNGSZ,,18WG,14,,,,53,,StyleCode-Variant1Variant2-Size_Variant,
XR7943HE,,,Ring,,Tray #01,WG,MTL,DIA,,,,RNGSZ,,18WG,14,,,,53,,StyleCode-Variant1Variant2-Size_Variant,
XR7944GE,,,Ring,,Tray #01,WG,MTL,DIA,,,,RNGSZ,,18WG,14,,,,53,,StyleCode-Variant1Variant2-Size_Variant,
XR7945HE,,,Ring,,Tray #01,WG,MTL,DIA,,,,RNGSZ,,18WG,14,,,,53,,StyleCode-Variant1Variant2-Size_Variant,
XR7946SE,,,Ring,,Tray #01,WG,MTL,DIA,,,,RNGSZ,,18WG,14,,,,53,,StyleCode-Variant1Variant2-Size_Variant,
XR7947SE,,,Ring,,Tray #01,WG,MTL,DIA,,,,RNGSZ,,18WG,14,,,,53,,StyleCode-Variant1Variant2-Size_Variant,
XR7948HE,,,Ring,,Tray #01,WG,MTL,DIA,,,,RNGSZ,,18WG,14,,,,53,,StyleCode-Variant1Variant2-Size_Variant,
XR7983GE,,,Ring,,Cancelled,WG,MTL,DIA,,,,RNGSZ,,18WG,14,,,,53,,StyleCode-Variant1Variant2-Size_Variant,
XR8007FL,,,Ring,,Tray #03,WG,MTL,DIA,,,,RNGSZ,,18WG,14,,,,53,,StyleCode-Variant1Variant2-Size_Variant,
XR8213H,,,Ring,,Tray #06,WG,MTL,DIA,,,,RNGSZ,,18WG,14,,,,53,,StyleCode-Variant1Variant2-Size_Variant,
XR8280S,,,Ring,,Tray #04,WG,MTL,DIA,,,,RNGSZ,,18WG,14,,,,53,,StyleCode-Variant1Variant2-Size_Variant,
XR8281K,,,Ring,,Tray #09,WG,MTL,DIA,,,,RNGSZ,,18WG,14,,,,53,,StyleCode-Variant1Variant2-Size_Variant,
XR8303H,,,Ring,,Tray #09,WG,MTL,DIA,,,,RNGSZ,,18WG,14,,,,53,,StyleCode-Variant1Variant2-Size_Variant,
YE0334F,,,Earring,,Loose,WG,MTL,DIA,,,,,,18WG,14,,,,,,StyleCode-Variant1Variant2,
YE0334H,,,Earring,,Loose,WG,MTL,DIA,,,,,,18WG,14,,,,,,StyleCode-Variant1Variant2,
YE0639B,,,Earring,,Tray #20,WG,MTL,DIA,,,,,,18WG,14,,,,,,StyleCode-Variant1Variant2,
YE1121H,,,Earring,,Loose,WG,MTL,DIA,,,,,,18WG,14,,,,,,StyleCode-Variant1Variant2,
YE1810H,,,Earring,,Tray #20,WG,MTL,DIA,,,,,,18WG,14,,,,,,StyleCode-Variant1Variant2,
YE2030H,,,Earring,,Tray #17,WG,MTL,DIA,,,,,,18WG,14,,,,,,StyleCode-Variant1Variant2,
YE2559K,,,Earring,,Loose,WG,MTL,DIA,,,,,,18WG,14,,,,,,StyleCode-Variant1Variant2,
YE4266L,,,Earring,,Tray #16,WG,MTL,DIA,,,,,,18WG,14,,,,,,StyleCode-Variant1Variant2,
YE4497A,,,Earring,,Tray #18,WG,MTL,DIA,,,,,,18WG,14,,,,,,StyleCode-Variant1Variant2,
YE6197Z,,,Earring,,Loose,WG,MTL,DIA,,,,,,18WG,14,,,,,,StyleCode-Variant1Variant2,
YE6209D,,,Earring,,Loose,WG,MTL,DIA,,,,,,18WG,14,,,,,,StyleCode-Variant1Variant2,
YE6209F,,,Earring,,Loose,WG,MTL,DIA,,,,,,18WG,14,,,,,,StyleCode-Variant1Variant2,
YE6501X,,,Earring,,Tray #17,WG,MTL,DIA,,,,,,18WG,14,,,,,,StyleCode-Variant1Variant2,
YE6634M,,,Earring,,Tray #19,WG,MTL,DIA,,,,,,18WG,14,,,,,,StyleCode-Variant1Variant2,
YN6627X,,,Pendant,,Tray #24,WG,MTL,DIA,,,,,,18WG,14,,,,,,StyleCode-Variant1Variant2,
YP3949E,,,Pendant,,Tray #22,WG,MTL,DIA,,,,,,18WG,14,,,,,,StyleCode-Variant1Variant2,
YP4205S,,,Pendant,,Tray #21,WG,MTL,DIA,,,,,,18WG,14,,,,,,StyleCode-Variant1Variant2,
YP4264S,,,Pendant,,Cancelled,WG,MTL,DIA,,,,,,18WG,14,,,,,,StyleCode-Variant1Variant2,
YP4265S,,,Pendant,,Tray #21,WG,MTL,DIA,,,,,,18WG,14,,,,,,StyleCode-Variant1Variant2,
YP4266S,,,Pendant,,Tray #21,WG,MTL,DIA,,,,,,18WG,14,,,,,,StyleCode-Variant1Variant2,
YP4491E,,,Pendant,,Cancelled,WG,MTL,DIA,,,,,,18WG,14,,,,,,StyleCode-Variant1Variant2,
YP5254C,,,Pendant,,Tray #22,WG,MTL,DIA,,,,,,18WG,14,,,,,,StyleCode-Variant1Variant2,
ZE10011H,,,Earring,,Loose,WG,MTL,DIA,,,,,,18WG,14,,,,,,StyleCode-Variant1Variant2,
ZE10816H,,,Earring,,Loose,WG,MTL,DIA,,,,,,18WG,14,,,,,,StyleCode-Variant1Variant2,
ZE2330L,,,Earring,,Loose,WG,MTL,DIA,,,,,,18WG,14,,,,,,StyleCode-Variant1Variant2,
ZE3717S,,,Earring,,Cancelled,WG,MTL,DIA,,,,,,18WG,14,,,,,,StyleCode-Variant1Variant2,
ZR0291HE,,,Ring,,Tray #11,WG,MTL,DIA,,,,RNGSZ,,18WG,14,,,,53,,StyleCode-Variant1Variant2-Size_Variant,
ZR0297ME,,,Ring,,Tray #12,WG,MTL,DIA,,,,RNGSZ,,18WG,14,,,,53,,StyleCode-Variant1Variant2-Size_Variant,
ZR0857GLB,,,Ring,,Tray #02,WG,MTL,DIA,,,,RNGSZ,,18WG,14,,,,53,,StyleCode-Variant1Variant2-Size_Variant,
ZR1074F,,,Ring,,Tray #09,WG,MTL,DIA,,,,RNGSZ,,18WG,14,,,,53,,StyleCode-Variant1Variant2-Size_Variant,
ZR10819SA,,,Ring,,Tray #02,WG,MTL,DIA,,,,RNGSZ,,18WG,14,,,,53,,StyleCode-Variant1Variant2-Size_Variant,
ZR10820S,,,Ring,,Tray #06,WG,MTL,DIA,,,,RNGSZ,,18WG,14,,,,53,,StyleCode-Variant1Variant2-Size_Variant,
ZR1565GE,,,Ring,,Tray #15,WG,MTL,DIA,,,,RNGSZ,,18WG,14,,,,53,,StyleCode-Variant1Variant2-Size_Variant,
ZR1600JL2,,,Ring,,Cancelled,WG,MTL,DIA,,,,RNGSZ,,18WG,14,,,,53,,StyleCode-Variant1Variant2-Size_Variant,
ZR1684GE,,,Ring,,Tray #10,WG,MTL,DIA,,,,RNGSZ,,18WG,14,,,,53,,StyleCode-Variant1Variant2-Size_Variant,
ZR1800H,,,Ring,,Tray #02,WG,MTL,DIA,,,,RNGSZ,,18WG,14,,,,53,,StyleCode-Variant1Variant2-Size_Variant,
ZR1853JE,,,Ring,,Tray #10,WG,MTL,DIA,,,,RNGSZ,,18WG,14,,,,53,,StyleCode-Variant1Variant2-Size_Variant,
ZR2091SE,,,Ring,,Tray #10,WG,MTL,DIA,,,,RNGSZ,,18WG,14,,,,53,,StyleCode-Variant1Variant2-Size_Variant,
ZR2092SE,,,Ring,,Tray #10,WG,MTL,DIA,,,,RNGSZ,,18WG,14,,,,53,,StyleCode-Variant1Variant2-Size_Variant,
ZR2113HE,,,Ring,,Tray #10,WG,MTL,DIA,,,,RNGSZ,,18WG,14,,,,53,,StyleCode-Variant1Variant2-Size_Variant,
ZR3012EL,,,Ring,,Tray #09,WG,MTL,DIA,,,,RNGSZ,,18WG,14,,,,53,,StyleCode-Variant1Variant2-Size_Variant,
ZR3096EL,,,Ring,,Tray #09,WG,MTL,DIA,,,,RNGSZ,,18WG,14,,,,53,,StyleCode-Variant1Variant2-Size_Variant,
ZR3315M,,,Ring,,Cancelled,WG,MTL,DIA,,,,RNGSZ,,18WG,14,,,,53,,StyleCode-Variant1Variant2-Size_Variant,
ZR3315UE,,,Ring,,Cancelled,WG,MTL,DIA,,,,RNGSZ,,18WG,14,,,,53,,StyleCode-Variant1Variant2-Size_Variant,
ZR3325SE,,,Ring,,Tray #13,WG,MTL,DIA,,,,RNGSZ,,18WG,14,,,,53,,StyleCode-Variant1Variant2-Size_Variant,
ZR3373YE,,,Ring,,Cancelled,WG,MTL,DIA,,,,RNGSZ,,18WG,14,,,,53,,StyleCode-Variant1Variant2-Size_Variant,
ZR3423LE,,,Ring,,Tray #07,WG,MTL,DIA,,,,RNGSZ,,18WG,14,,,,53,,StyleCode-Variant1Variant2-Size_Variant,
ZR3424YE,,,Ring,,Cancelled,WG,MTL,DIA,,,,RNGSZ,,18WG,14,,,,53,,StyleCode-Variant1Variant2-Size_Variant,
ZR3424YL,,,Ring,,Tray #15,WG,MTL,DIA,,,,RNGSZ,,18WG,14,,,,53,,StyleCode-Variant1Variant2-Size_Variant,
ZR3425SE,,,Ring,,Tray #13,WG,MTL,DIA,,,,RNGSZ,,18WG,14,,,,53,,StyleCode-Variant1Variant2-Size_Variant,
ZR3425SL,,,Ring,,Cancelled,WG,MTL,DIA,,,,RNGSZ,,18WG,14,,,,53,,StyleCode-Variant1Variant2-Size_Variant,
ZR3558D,,,Ring,,Tray #04,WG,MTL,DIA,,,,RNGSZ,,18WG,14,,,,53,,StyleCode-Variant1Variant2-Size_Variant,
ZR3559F,,,Ring,,Tray #04,WG,MTL,DIA,,,,RNGSZ,,18WG,14,,,,53,,StyleCode-Variant1Variant2-Size_Variant,
ZR3562F,,,Ring,,Tray #04,WG,MTL,DIA,,,,RNGSZ,,18WG,14,,,,53,,StyleCode-Variant1Variant2-Size_Variant,
ZR3773GE,,,Ring,,Tray #07,WG,MTL,DIA,,,,RNGSZ,,18WG,14,,,,53,,StyleCode-Variant1Variant2-Size_Variant,
ZR3773GL,,,Ring,,Cancelled,WG,MTL,DIA,,,,RNGSZ,,18WG,14,,,,53,,StyleCode-Variant1Variant2-Size_Variant,
ZR4026LE,,,Ring,,Tray #15,WG,MTL,DIA,,,,RNGSZ,,18WG,14,,,,53,,StyleCode-Variant1Variant2-Size_Variant,
ZR5043X,,,Ring,,Tray #03,WG,MTL,DIA,,,,RNGSZ,,18WG,14,,,,53,,StyleCode-Variant1Variant2-Size_Variant,
ZR5450XE,,,Ring,,Cancelled,WG,MTL,DIA,,,,RNGSZ,,18WG,14,,,,53,,StyleCode-Variant1Variant2-Size_Variant,
ZR5455FE,,,Ring,,Tray #07,WG,MTL,DIA,,,,RNGSZ,,18WG,14,,,,53,,StyleCode-Variant1Variant2-Size_Variant,
ZR6022HE,,,Ring,,Tray #07,WG,MTL,DIA,,,,RNGSZ,,18WG,14,,,,53,,StyleCode-Variant1Variant2-Size_Variant,
ZR6030XE,,,Ring,,Tray #07,WG,MTL,DIA,,,,RNGSZ,,18WG,14,,,,53,,StyleCode-Variant1Variant2-Size_Variant,
ZR6041HE,,,Ring,,Tray #07,WG,MTL,DIA,,,,RNGSZ,,18WG,14,,,,53,,StyleCode-Variant1Variant2-Size_Variant,
ZR6042XE,,,Ring,,Tray #07,WG,MTL,DIA,,,,RNGSZ,,18WG,14,,,,53,,StyleCode-Variant1Variant2-Size_Variant,
ZR6240EL,,,Ring,,Tray #25,WG,MTL,DIA,,,,RNGSZ,,18WG,14,,,,53,,StyleCode-Variant1Variant2-Size_Variant,
ZR6242EL,,,Ring,,Tray #25,WG,MTL,DIA,,,,RNGSZ,,18WG,14,,,,53,,StyleCode-Variant1Variant2-Size_Variant,
ZR7165PE,,,Ring,,Cancelled,WG,MTL,DIA,,,,RNGSZ,,18WG,14,,,,53,,StyleCode-Variant1Variant2-Size_Variant,
ZR7165PL,,,Ring,,Tray #02,WG,MTL,DIA,,,,RNGSZ,,18WG,14,,,,53,,StyleCode-Variant1Variant2-Size_Variant,
ZR8041CL,,,Ring,,Tray #03,WG,MTL,DIA,,,,RNGSZ,,18WG,14,,,,53,,StyleCode-Variant1Variant2-Size_Variant,
ZR8333A,,,Ring,,Tray #25,WG,MTL,DIA,,,,RNGSZ,,18WG,14,,,,53,,StyleCode-Variant1Variant2-Size_Variant,
ZR8738N,,,Ring,,Cancelled,WG,MTL,DIA,,,,RNGSZ,,18WG,14,,,,53,,StyleCode-Variant1Variant2-Size_Variant,
ZR9460LE,,,Ring,,Tray #15,WG,MTL,DIA,,,,RNGSZ,,18WG,14,,,,53,,StyleCode-Variant1Variant2-Size_Variant,
ZR9933B,,,Ring,,Tray #25,WG,MTL,DIA,,,,RNGSZ,,18WG,14,,,,53,,StyleCode-Variant1Variant2-Size_Variant,
