StyleCode,VariantCode,Variant 3,Variant 4,Variant 5,Shape,Qly,Size Group,MM Size,Pcs,CTW,Wt/Pc,09KT gms,14KT gms,18KT gms,PLAT gms
AAE00259H,AAE00259H,,,,RND,,RNDP09,2.4,2,0.12,0.06,3.124,3.55,4.154,5.893
AAE00259H,AAE00259H,,,,RND,,RNDP02,1.5,40,0.6,0.015,,,,
AAE00259H,AAE00259H,,,,RND,,RNDP05,1.7,16,0.32,0.02,,,,
AAE00259H,AAE00259H,,,,RND,,RNDP02,1.3,2,0.02,0.01,,,,
AAE01155B,AAE01155B,,,,RND,,RNDP05,1.6,2,0.03,0.017,1.197,1.36,1.591,2.258
AAE01155B,AAE01155B,,,,RND,,RNDM02,1,20,0.1,0.005,,,,
AAE01155B,AAE01155B,,,,RND,,RNDM02,1,4,0.02,0.005,,,,
AAE01156B,AAE01156B,,,,RND,,RNDP05,1.6,2,0.03,0.017,0.977,1.11,1.299,1.843
AAE01156B,AAE01156B,,,,RND,,RNDM02,1.15,16,0.1,0.007,,,,
AAE01156B,AAE01156B,,,,RND,,RND000,0.9,2,0.01,0.004,,,,
AAE04895D,AAE04895D,,,,RND,,RNDP05,1.7,8,0.16,0.02,2.05,2.33,2.726,3.868
AAE04895D,AAE04895D,,,,RND,,RNDP02,1.5,6,0.09,0.015,,,,
AAE07278D,AAE07278D,,,,RND,,RNDM02,1,20,0.1,0.005,2.719,3.09,3.615,5.129
AAE07278D,AAE07278D,,,,RND,,RND000,0.9,28,0.11,0.004,,,,
AAE07278D,AAE07278D,,,,RND,,RND000,0.8,12,0.04,0.003,,,,
AAE11865F,AAE11865F,,,,RND,,RNDP02,1.5,12,0.18,0.015,2.218,2.52,2.948,4.183
AAE11865F,AAE11865F,,,,RND,TBLK,RNDP05,1.6,10,0.2,0.02,,,,
AAE11865F,AAE11865F,,,,RND,TBLK,RNDP02,1.5,4,0.07,0.017,,,,
AAE11865F,AAE11865F,,,,RND,TBLK,RNDP02,1.35,4,0.05,0.013,,,,
AAE12519C,AAE12519C,,,,RND,,RNDP05,1.6,12,0.2,0.017,2.605,2.96,3.463,4.914
AAN01154C,AAN01154C,,,,RND,,RND012,2.9,1,0.09,0.09,1.857,2.11,2.469,3.503
AAN01154C,AAN01154C,,,,RND,,RNDP02,1.4,8,0.1,0.013,,,,
AAN01155D,AAN01155D,,,,RND,,RND011,2.7,1,0.08,0.08,2.068,2.35,2.75,3.901
AAN01155D,AAN01155D,,,,RND,,RNDP02,1.5,10,0.15,0.015,,,,
AAN01155D,AAN01155D,,,,RND,,RNDP02,1.4,2,0.03,0.013,,,,
AAN01156D,AAN01156D,,,,RND,,RNDP09,2.4,1,0.06,0.06,1.989,2.26,2.644,3.752
AAN01156D,AAN01156D,,,,RND,,RNDP05,1.7,8,0.18,0.023,,,,
AAN01156D,AAN01156D,,,,RND,,RNDP02,1.3,1,0.01,0.01,,,,
AAP00256E,AAP00256E,,,,RND,,RNDP02,1.4,2,0.03,0.013,0.968,1.1,1.287,1.826
AAP00256E,AAP00256E,,,,RND,,RNDP02,1.5,10,0.15,0.015,,,,
AAP00256E,AAP00256E,,,,RND,,RND011,2.7,1,0.08,0.08,,,,
AAP00256E,AAP00256E,,,,RND,,RNDP06,1.9,1,0.03,0.03,,,,
AAP00256E,AAP00256E,,,,RND,,RNDP02,1.5,1,0.02,0.015,,,,
AAP00256E,AAP00256E,,,,RND,,RNDP05,1.7,1,0.02,0.02,,,,
AAP00256E,AAP00256E,,,,RND,,RNDP02,1.3,1,0.01,0.01,,,,
AAP00257C,AAP00257C,,,,RND,,RNDP02,1.4,8,0.1,0.013,0.695,0.79,0.924,1.311
AAP00257C,AAP00257C,,,,RND,,RND012,2.9,1,0.09,0.09,,,,
AAP00257C,AAP00257C,,,,RND,,RNDM02,1,3,0.02,0.005,,,,
AAP00257C,AAP00257C,,,,RND,,RNDM02,1.1,2,0.01,0.006,,,,
AAP06025F,AAP06025F,,,,RND,,RNDP06,1.8,20,0.5,0.025,1.329,1.51,1.767,2.507
AAR00023H,AAR00023H,,,,RND,,RNDP09,2.4,5,0.3,0.06,3.326,3.78,4.423,6.275
AAR00023H,AAR00023H,,,,RND,,RNDP09,2.3,6,0.3,0.05,,,,
AAR00023H,AAR00023H,,,,RND,,RNDP08,2.1,6,0.24,0.04,,,,
AAR00023H,AAR00023H,,,,RND,,RNDP05,1.7,6,0.11,0.019,,,,
AAR00023H,AAR00023H,,,,RND,,RNDP06,1.9,2,0.06,0.03,,,,
AAR00024H,AAR00024H,,,,RND,,RNDP06,2,11,0.39,0.035,3.555,4.04,4.727,6.706
AAR00024H,AAR00024H,,,,RND,,RNDP06,1.8,18,0.45,0.025,,,,
AAR00024H,AAR00024H,,,,RND,,RNDP05,1.7,8,0.15,0.019,,,,
AAR00028H,AAR00028H,,,,RND,,RNDP08,2.2,6,0.27,0.045,3.555,4.04,4.727,6.706
AAR00028H,AAR00028H,,,,RND,,RNDP09,2.3,15,0.75,0.05,,,,
AAR00258EE,AAR00258EE,,,,RND,,RNDP02,1.4,2,0.03,0.013,2.983,3.39,3.966,5.627
AAR00258EE,AAR00258EE,,,,RND,,RNDP02,1.5,10,0.15,0.015,,,,
AAR00258EE,AAR00258EE,,,,RND,,RND011,2.8,1,0.08,0.08,,,,
AAR00258EE,AAR00258EE,,,,RND,,RNDM02,1.2,4,0.03,0.008,,,,
AAR00258EE,AAR00258EE,,,,RND,,RNDM02,1,4,0.02,0.005,,,,
AAR00258EE,AAR00258EE,,,,RND,,RNDM02,1.1,4,0.02,0.006,,,,
AAR00259GE,AAR00259GE,,,,RND,,RNDP09,2.4,1,0.06,0.06,5.095,5.79,6.774,9.611
AAR00259GE,AAR00259GE,,,,RND,,RNDP05,1.7,8,0.16,0.02,,,,
AAR00259GE,AAR00259GE,,,,RND,,RNDP08,2.1,4,0.16,0.04,,,,
AAR00259GE,AAR00259GE,,,,RND,,RNDM02,1.1,25,0.15,0.006,,,,
AAR00259GE,AAR00259GE,,,,RND,,RNDP06,1.9,4,0.12,0.03,,,,
AAR00259GE,AAR00259GE,,,,RND,,RNDP08,2.2,2,0.09,0.045,,,,
AAR00259GE,AAR00259GE,,,,RND,,RNDP02,1.3,1,0.01,0.01,,,,
AAR00260C,AAR00260C,,,,RND,,RND012,2.9,1,0.09,0.09,1.901,2.16,2.527,3.586
AAR00260C,AAR00260C,,,,RND,,RNDP02,1.4,8,0.1,0.013,,,,
AAR00269FE,AAR00269FE,,,,RND,,RNDP02,1.3,20,0.2,0.01,2.341,2.66,3.112,4.416
AAR00269FE,AAR00269FE,,,,RND,,RND012,3,1,0.1,0.1,,,,
AAR00269FE,AAR00269FE,,,,RND,,RNDP02,1.4,8,0.1,0.013,,,,
AAR00269FE,AAR00269FE,,,,RND,,RNDM02,1.1,16,0.1,0.006,,,,
AAR00330HE,AAR00330HE,,,,RND,SM,RND070,5.8,1,0.75,0.75,3.995,4.54,5.312,7.536
AAR00330HE,AAR00330HE,,,,RND,,RND011,2.8,2,0.16,0.08,,,,
AAR00330HE,AAR00330HE,,,,RND,,RNDM02,1.1,10,0.06,0.006,,,,
AAR00330HE,AAR00330HE,,,,RND,,RNDM02,1,6,0.03,0.005,,,,
AAR00341DE,AAR00341DE,,,,EME,,EME015,3.20*2.30,1,0.13,0.13,3.001,3.41,3.99,5.661
AAR00341DE,AAR00341DE,,,,RND,,RND000,0.8,22,0.07,0.003,,,,
AAR00341DE,AAR00341DE,,,,BAG,,BAG150,1.40*0.70,6,0.04,0.006,,,,
AAR00341DE,AAR00341DE,,,,RND,,RND000,0.9,4,0.02,0.004,,,,
AAR01095H,AAR01095H,,,,RAD,,RAD015,4.10*3.10,5,0.75,0.15,3.036,3.45,4.037,5.727
AAR01095H,AAR01095H,,,,BAG,,BAG300,3.00*1.50,6,0.24,0.04,,,,
AAR01154C,AAR01154C,,,,RND,,RND012,2.9,1,0.09,0.09,2.385,2.71,3.171,4.499
AAR01154C,AAR01154C,,,,RND,,RNDP02,1.4,8,0.1,0.013,,,,
AAR01155D,AAR01155D,,,,RND,,RNDP02,1.4,2,0.03,0.013,2.508,2.85,3.335,4.731
AAR01155D,AAR01155D,,,,RND,,RNDP02,1.5,10,0.15,0.015,,,,
AAR01155D,AAR01155D,,,,RND,,RND011,2.7,1,0.08,0.08,,,,
AAR01156D,AAR01156D,,,,RND,,RNDP09,2.4,1,0.06,0.06,2.473,2.81,3.288,4.665
AAR01156D,AAR01156D,,,,RND,,RNDP05,1.7,8,0.18,0.023,,,,
AAR01156D,AAR01156D,,,,RND,,RNDP02,1.3,1,0.01,0.01,,,,
AAR01591G,AAR01591G,,,,PSH,,PSHP07,3.50*2.30,2,0.16,0.08,3.001,3.41,3.99,5.661
AAR01591G,AAR01591G,,,,PSH,,PSH010,3.80*2.50,5,0.5,0.1,,,,
AAR01591G,AAR01591G,,,,RND,,RNDP02,1.4,6,0.07,0.011,,,,
AAR01591G,AAR01591G,,,,RND,,RNDM02,1,6,0.03,0.005,,,,
AAR01800H,AAR01800H,,,,RND,,RNDP09,2.5,11,0.77,0.07,3.89,4.42,5.171,7.337
AAR01800H,AAR01800H,,,,RND,,RNDP09,2.4,4,0.24,0.06,,,,
AAR02186F,AAR02186F,,,,RND,,RNDP06,2,5,0.18,0.035,3.168,3.6,4.212,5.976
AAR02186F,AAR02186F,,,,RND,,RNDP05,1.6,12,0.2,0.017,,,,
AAR02186F,AAR02186F,,,,RND,,RNDP05,1.7,4,0.08,0.02,,,,
AAR02186F,AAR02186F,,,,RND,,RNDP06,1.8,2,0.05,0.025,,,,
AAR02274G,AAR02274G,,,,MQS,,MQS010,4.50*2.30,3,0.33,0.11,5.658,6.43,7.523,10.674
AAR02274G,AAR02274G,,,,RND,,RNDP02,1.4,24,0.3,0.013,,,,
AAR02274G,AAR02274G,,,,RND,,RNDP02,1.3,12,0.12,0.01,,,,
AAR02275H,AAR02275H,,,,RND,,RND012,2.9,4,0.36,0.09,6.274,7.13,8.342,11.836
AAR02275H,AAR02275H,,,,RND,,RNDP02,1.4,36,0.45,0.013,,,,
AAR02275H,AAR02275H,,,,RND,,RNDP02,1.5,12,0.18,0.015,,,,
AAR03132HE,AAR03132HE,,,,OVL,SM,OVL060,7.10*5.30,1,0.62,0.62,4.215,4.79,5.604,7.951
AAR03132HE,AAR03132HE,,,,RND,,RND012,3.2,2,0.24,0.12,,,,
AAR03132HE,AAR03132HE,,,,RND,,RNDM02,1,36,0.16,0.005,,,,
AAR03132HE,AAR03132HE,,,,RND,,RND000,0.9,6,0.02,0.004,,,,
AAR03132HE,AAR03132HE,,,,RND,,RND000,0.8,8,0.02,0.003,,,,
AAR04481D,AAR04481D,,,,RND,,RNDP02,1.5,17,0.26,0.015,1.83,2.08,2.434,3.453
AAR05229YE,AAR05229YE,,,,RND,SM,RND150,7.5,1,1.5,1.5,4.048,4.6,5.382,7.636
AAR05229YE,AAR05229YE,,,,RND,,RNDP02,1.25,20,0.14,0.007,,,,
AAR06032F,AAR06032F,,,,RND,,RND014,3.5,2,0.32,0.16,4.004,4.55,5.324,7.553
AAR06032F,AAR06032F,,,,RND,,RNDP05,1.7,4,0.08,0.019,,,,
AAR06032F,AAR06032F,,,,RND,,RNDP02,1.5,2,0.03,0.015,,,,
AAR06032F,AAR06032F,,,,RND,,RNDP05,1.6,2,0.03,0.017,,,,
AAR06032F,AAR06032F,,,,RND,,RNDP02,1.3,2,0.02,0.01,,,,
AAR06032F,AAR06032F,,,,RND,,RNDP02,1.4,2,0.02,0.011,,,,
AAR06032F,AAR06032F,,,,RND,,RNDM02,1.2,2,0.01,0.007,,,,
AAR06820SE,AAR06820SE,,,,PSH,SM,PSH100,8.70*5.50,1,1,1,1.892,2.15,2.516,3.569
AAR06820SE,AAR06820SE,,,,PSH,,PSH010,3.80*2.50,2,0.2,0.1,,,,
AAR06820SE,AAR06820SE,,,,RND,,RNDP06,1.8,2,0.05,0.025,,,,
AAR06822JE,AAR06822JE,,,,EME,SM,EME100,6.70*5.00,1,1,1,3.608,4.1,4.797,6.806
AAR06822JE,AAR06822JE,,,,RND,,RND011,2.8,4,0.32,0.08,,,,
AAR06822JE,AAR06822JE,,,,RND,,RND012,2.9,2,0.18,0.09,,,,
CP2759G,CP2759G,,,,RND,,RND000,0,2,0.77,0.385,3.08,3.5,4.095,5.81
CP2765A,CP2765A,,,,RND,,RND000,0.85,10,0.03,0.003,0.774,0.88,1.03,1.461
CP2765A,CP2765A,,,,RND,,RND000,0.95,16,0.06,0.004,,,,
CP2765A,CP2765A,,,,RND,,RNDP02,1.5,2,0.03,0.015,,,,
CP2767F,CP2767F,,,,RND,,RNDP02,1.3,30,0.3,0.01,1.734,1.97,2.305,3.27
CP2767F,CP2767F,,,,RND,,RND012,3,2,0.2,0.1,,,,
DP2442B,DP2442B,,,,RND,,RNDP02,1.3,1,0.01,0.01,0.519,0.59,0.69,0.979
DP2442B,DP2442B,,,,RND,,RNDP09,2.3,1,0.05,0.045,,,,
DP2442B,DP2442B,,,,RND,,RNDP08,2.1,1,0.04,0.035,,,,
DP2442B,DP2442B,,,,RND,,RNDP06,1.9,1,0.03,0.028,,,,
DP2442B,DP2442B,,,,RND,,RNDP02,1.5,1,0.02,0.015,,,,
DP2442B,DP2442B,,,,RND,,RNDP05,1.7,1,0.02,0.02,,,,
DP4035E,DP4035E,,,,RND,,RNDP09,2.55,1,0.07,0.07,1.074,1.22,1.427,2.025
DP4035E,DP4035E,,,,RND,,RNDP09,2.3,1,0.05,0.045,,,,
DP4035E,DP4035E,,,,RND,,RNDP08,2.2,1,0.04,0.04,,,,
DP4035E,DP4035E,,,,RND,,RNDP08,2.1,1,0.04,0.035,,,,
DP4035E,DP4035E,,,,RND,,RNDP05,1.75,2,0.04,0.022,,,,
DP4035E,DP4035E,,,,RND,,RNDP06,1.95,1,0.03,0.03,,,,
DP4035E,DP4035E,,,,RND,,RNDP05,1.6,1,0.02,0.018,,,,
DP4035E,DP4035E,,,,RND,,RNDP02,1.5,1,0.02,0.015,,,,
DP4035E,DP4035E,,,,RND,,RNDP02,1.4,1,0.01,0.013,,,,
DP4035E,DP4035E,,,,RND,,RNDP02,1.3,1,0.01,0.01,,,,
DP4035E,DP4035E,,,,RND,,RNDM02,1.2,1,0.01,0.008,,,,
DP4035F,DP4035F,,,,RND,,RNDP02,1.3,1,0.01,0.01,1.223,1.39,1.626,2.307
DP4035F,DP4035F,,,,RND,,RNDP09,2.4,2,0.1,0.05,,,,
DP4035F,DP4035F,,,,RND,,RND012,2.95,1,0.1,0.1,,,,
DP4035F,DP4035F,,,,RND,,RND011,2.8,1,0.08,0.08,,,,
DP4035F,DP4035F,,,,RND,,RNDP09,2.55,1,0.07,0.07,,,,
DP4035F,DP4035F,,,,RND,,RNDP08,2.2,1,0.04,0.04,,,,
DP4035F,DP4035F,,,,RND,,RNDP06,1.9,1,0.03,0.028,,,,
DP4035F,DP4035F,,,,RND,,RNDP02,1.5,1,0.02,0.015,,,,
DP4035F,DP4035F,,,,RND,,RNDP05,1.6,1,0.02,0.018,,,,
DP4035F,DP4035F,,,,RND,,RNDP05,1.75,1,0.02,0.022,,,,
DP4035F,DP4035F,,,,RND,,RNDP02,1.4,1,0.01,0.013,,,,
EE0654R,EE0654R,,,,RND,,RNDP09,2.5,2,0.14,0.07,1.144,1.3,1.521,2.158
EE0654R,EE0654R,,,,RND,,RNDP09,2.4,12,0.72,0.06,,,,
FE0158FB,FE0158FB,,,,RND,,RND014,3.3,2,0.26,0.13,1.628,1.85,2.165,3.071
FE0158FB,FE0158FB,,,,RND,,RNDP02,1.3,24,0.24,0.01,,,,
GE0353K,GE0353K,,,,RND,,RNDP02,1.3,84,0.84,0.01,6.996,7.95,9.302,13.197
GE0353K,GE0353K,,,,RND,,RNDP02,1.3,68,0.75,0.011,,,,
GE0353K,GE0353K,,,,RND,,RNDP02,1.4,34,0.44,0.013,,,,
GP0450A,GP0450A,,,,RND,,RNDM02,1,8,0.04,0.005,3.23,3.67,4.294,6.092
GP1260G,GP1260G,,,,RND,,RND012,3.2,1,0.12,0.12,2.2,2.5,2.925,4.15
GP1260G,GP1260G,,,,RND,,RND030,4.4,1,0.33,0.33,,,,
GP1260G,GP1260G,,,,RND,,RND025,4.1,1,0.25,0.25,,,,
GP2054D,GP2054D,,,,RND,,RND025,4.1,1,0.25,0.25,1.285,1.46,1.708,2.424
GP4237DA,GP4237DA,,,,RND,,RNDP02,1.3,8,0.08,0.01,1.082,1.23,1.439,2.042
GP4237DA,GP4237DA,,,,RND,,RNDP02,1.4,8,0.09,0.011,,,,
GP4237DA,GP4237DA,,,,RND,,RNDM02,1.2,8,0.06,0.007,,,,
GP4237DA,GP4237DA,,,,RND,,RNDP02,1.5,2,0.03,0.015,,,,
KE4249F,KE4249F,,,,RND,,RNDM02,1.2,8,0.06,0.008,2.807,3.19,3.732,5.295
KE4249F,KE4249F,,,,RND,,RNDP05,1.7,8,0.16,0.02,,,,
KE4249F,KE4249F,,,,RND,,RNDM02,1.1,16,0.1,0.006,,,,
KE4249F,KE4249F,,,,RND,,RNDM02,1,16,0.08,0.005,,,,
KE4249F,KE4249F,,,,RND,,RNDM02,1.1,8,0.05,0.006,,,,
KE4249F,KE4249F,,,,RND,,RND000,0.95,8,0.03,0.004,,,,
KE4249F,KE4249F,,,,RND,,RND000,0.95,8,0.03,0.004,,,,
KP2128AB,KP2128AB,,,,RND,,RND000,0.8,10,0.03,0.003,0.387,0.44,0.515,0.73
KZ0556A,KZ0556A,,,,RND,,RNDM02,1.1,2,0.01,0.006,2.895,3.29,3.849,5.461
KZ0766A,KZ0766A,,,,RND,,RNDM02,1,6,0.03,0.005,2.464,2.8,3.276,4.648
LE1551F,LE1551F,,,,RND,,RNDP02,1.3,22,0.22,0.01,4.62,5.25,6.143,8.715
LE1551F,LE1551F,,,,RND,,RNDP02,1.33,8,0.1,0.013,,,,
LE1551F,LE1551F,,,,RND,,RNDP02,1.38,6,0.09,0.015,,,,
LE1551F,LE1551F,,,,RND,,RNDP02,1.28,4,0.05,0.012,,,,
LE1551F,LE1551F,,,,RND,,RNDM02,1.23,4,0.04,0.011,,,,
LE1748F,LE1748F,,,,RND,,RNDP02,1.5,2,0.03,0.015,2.693,3.06,3.58,5.08
LE1748F,LE1748F,,,,RND,,RNDP08,2.1,8,0.28,0.035,,,,
LE1748F,LE1748F,,,,RND,,RNDM02,1,32,0.16,0.005,,,,
LE1748F,LE1748F,,,,RND,,RND000,0.85,18,0.05,0.003,,,,
LE1748F,LE1748F,,,,RND,,RND000,0.95,8,0.03,0.004,,,,
LE1790A,LE1790A,,,,RND,,RNDP02,1.4,10,0.13,0.013,3.238,3.68,4.306,6.109
LE1791A,LE1791A,,,,RND,,RNDP05,1.7,6,0.12,0.02,2.886,3.28,3.838,5.445
LE1791C,LE1791C,,,,RND,,RNDP08,2.1,6,0.2,0.033,3.168,3.6,4.212,5.976
LP1350A,LP1350A,,,,RND,,RND000,0.95,1,0.01,0.006,1.285,1.46,1.708,2.424
LP1801D,LP1801D,,,,RND,,RND011,2.8,3,0.24,0.08,1.769,2.01,2.352,3.337
ME0539C,ME0539C,,,,RND,,RNDP05,1.6,2,0.03,0.017,2.411,2.74,3.206,4.548
ME0539C,ME0539C,,,,RND,,RNDM02,1.1,12,0.07,0.006,,,,
ME0539C,ME0539C,,,,RND,,RND000,0.95,12,0.05,0.004,,,,
ME0539C,ME0539C,,,,RND,,RNDM02,1,4,0.02,0.005,,,,
ME0539C,ME0539C,,,,RND,,RND000,0.95,2,0.01,0.004,,,,
ME0539C,ME0539C,,,,RND,,RND000,0.85,4,0.01,0.003,,,,
MP5013AA,MP5013AA,,,,RND,,RNDP06,1.9,1,0.03,0.03,1.346,1.53,1.79,2.54
MP5013AA,MP5013AA,,,,RND,,RNDM02,1.15,6,0.04,0.007,,,,
MP5013AA,MP5013AA,,,,RND,,RNDM02,1.2,5,0.04,0.008,,,,
NP1203B,NP1203B,,,,RND,,RND000,0.85,36,0.11,0.003,1.619,1.84,2.153,3.054
NP1203B,NP1203B,,,,RND,,RNDP06,1.8,1,0.03,0.025,,,,
NP1203B,NP1203B,,,,RND,,RNDP02,1.5,1,0.02,0.015,,,,
NP1203B,NP1203B,,,,RND,,RNDM02,1.2,1,0.01,0.008,,,,
PE0287F,PE0287F,,,,RND,,RNDP02,1.5,26,0.39,0.015,1.936,2.2,2.574,3.652
PE0287F,PE0287F,,,,RND,,RNDM02,1.15,16,0.11,0.007,,,,
PE1045F,PE1045F,,,,RND,,RNDP02,1.4,4,0.05,0.013,2.728,3.1,3.627,5.146
PE1045F,PE1045F,,,,RND,,RND000,0.9,86,0.34,0.004,,,,
PE1045F,PE1045F,,,,RND,,RND000,0.8,26,0.08,0.003,,,,
PE1045F,PE1045F,,,,RND,,RNDM02,1,10,0.05,0.005,,,,
PN1676D,PN1676D,,,,RND,,RNDP02,1.35,21,0.27,0.013,1.39,1.58,1.849,2.623
PN1691D,PN1691D,,,,RND,,RNDP02,1.3,21,0.27,0.013,1.056,1.2,1.404,1.992
PP0647A,PP0647A,,,,BAG,,BAG400,4.00*2.00,1,0.12,0.12,0.607,0.69,0.807,1.145
PP0648D,PP0648D,,,,BAG,,BAG400,4.00*1.50,1,0.12,0.12,1.329,1.51,1.767,2.507
PP0648D,PP0648D,,,,RND,,RNDM02,1.2,10,0.08,0.008,,,,
PP0648D,PP0648D,,,,RND,,RNDP02,1.3,6,0.06,0.01,,,,
PP0648D,PP0648D,,,,RND,,RND000,0.95,1,0,0.004,,,,
PP1596A,PP1596A,,,,RND,,RND000,0,1,0.02,0.02,2.077,2.36,2.761,3.918
QE0783F,QE0783F,,,,RND,,RND025,3.9,2,0.5,0.25,1.918,2.18,2.551,3.619
QE1165C,QE1165C,,,,RND,,RND000,0.85,64,0.19,0.003,2.473,2.81,3.288,4.665
QE1165C,QE1165C,,,,RND,,RND000,0.95,4,0.02,0.004,,,,
QE1479D,QE1479D,,,,RND,,RND000,0.85,80,0.24,0.003,2.112,2.4,2.808,3.984
QE1479D,QE1479D,,,,RND,,RNDM02,1,2,0.01,0.005,,,,
QP1246A,QP1246A,,,,RND,,RND000,0.85,8,0.02,0.003,0.898,1.02,1.193,1.693
QP1246A,QP1246A,,,,RND,,RND000,0.95,4,0.02,0.004,,,,
QP1246A,QP1246A,,,,RND,,RND000,0.85,4,0.01,0.003,,,,
SE1011K,SE1011K,,,,RND,SM,RND050,4.9,2,1,0.5,3.203,3.64,4.259,6.042
SE1011K,SE1011K,,,,RND,,RNDP09,2.3,20,1,0.05,,,,
SE1355F,SE1355F,,,,RND,,RND012,3,4,0.4,0.1,2.279,2.59,3.03,4.299
SE1355F,SE1355F,,,,RND,,RND000,0.8,26,0.08,0.003,,,,
SE1355F,SE1355F,,,,RND,,RND000,0.9,10,0.04,0.004,,,,
SE5836H,SE5836H,,,,RND,,RND025,3.9,4,1,0.25,1.602,1.82,2.129,3.021
SK0735Z,SK0735Z,,,,RND,,RNDP08,2.1,9,0.36,0.04,0.792,0.9,1.053,1.494
SK0735Z,SK0735Z,,,,RND,,RNDM02,1,7,0.04,0.005,,,,
SK1740D,SK1740D,,,,RND,,RNDP06,1.9,2,0.06,0.03,2.499,2.84,3.323,4.714
SK1740D,SK1740D,,,,RND,,RNDP02,1.3,8,0.08,0.01,,,,
SK1740D,SK1740D,,,,RND,,RNDP05,1.6,4,0.07,0.017,,,,
SK1740D,SK1740D,,,,RND,,RNDP02,1.5,2,0.03,0.015,,,,
SK1740D,SK1740D,,,,RND,,RNDP02,1.4,1,0.01,0.013,,,,
SP5834H,SP5834H,,,,RND,,RNDM02,1.1,1,0.01,0.006,1.065,1.21,1.416,2.009
SP5834H,SP5834H,,,,RND,SM,RND050,4.9,2,1,0.5,,,,
SP5834H,SP5834H,,,,RND,,RNDM02,1.2,1,0.01,0.008,,,,
SP5834H,SP5834H,,,,RND,,RNDP02,1.3,1,0.01,0.01,,,,
SP5834H,SP5834H,,,,RND,,RNDP02,1.4,1,0.01,0.013,,,,
TE2394BA,TE2394BA,,,,RND,,RNDP02,1.4,12,0.15,0.013,9.17,10.42,12.191,17.297
TE4431F,TE4431F,,,,RND,,RNDP09,2.5,2,0.13,0.065,1.461,1.66,1.942,2.756
TE4431F,TE4431F,,,,RND,,RNDP05,1.75,16,0.37,0.023,,,,
TE4478F,TE4478F,,,,RND,,RNDP09,2.3,2,0.1,0.051,0.502,0.57,0.667,0.946
TE4478F,TE4478F,,,,RND,,RNDP06,1.9,12,0.36,0.03,,,,
TE5109A,TE5109A,,,,RND,,RND000,0.8,4,0.01,0.003,3.133,3.56,4.165,5.91
TE5109A,TE5109A,,,,RND,,RNDM02,1.1,10,0.06,0.006,,,,
TE5109A,TE5109A,,,,RND,,RNDM02,1,8,0.04,0.005,,,,
TN1548A,TN1548A,,,,RND,,RNDM02,1.1,2,0.01,0.006,1.522,1.73,2.024,2.872
TN1548A,TN1548A,,,,RND,,RNDM02,1,1,0.01,0.005,,,,
TN1548A,TN1548A,,,,RND,,RND000,0.9,2,0.01,0.004,,,,
TN1548A,TN1548A,,,,RND,,RND000,0.8,3,0.01,0.003,,,,
TP1893A,TP1893A,,,,RND,,RNDP05,1.6,1,0.02,0.017,0.704,0.8,0.936,1.328
TP1893A,TP1893A,,,,RND,,RNDM02,1.2,1,0.01,0.008,,,,
TP1893A,TP1893A,,,,RND,,RNDM02,1.1,2,0.01,0.006,,,,
TP1893A,TP1893A,,,,RND,,RND000,0.8,2,0.01,0.003,,,,
TP1893A,TP1893A,,,,RND,,RNDM02,1,2,0.01,0.005,,,,
TP1893A,TP1893A,,,,RND,,RND000,0.9,1,0,0.004,,,,
TP1894A,TP1894A,,,,RND,,RNDP09,2.5,1,0.07,0.07,1.795,2.04,2.387,3.386
TP1894A,TP1894A,,,,RND,,RNDM02,1.1,8,0.05,0.006,,,,
TP3257F,TP3257F,,,,RND,,RND014,3.3,1,0.13,0.13,0.801,0.91,1.065,1.511
TP3257F,TP3257F,,,,RND,,RNDP09,2.4,6,0.36,0.06,,,,
TP4431D,TP4431D,,,,RND,,RNDP09,2.5,1,0.07,0.065,0.774,0.88,1.03,1.461
TP4431D,TP4431D,,,,RND,,RNDP05,1.75,8,0.18,0.023,,,,
TP4431F,TP4431F,,,,RND,,RND012,3.1,1,0.12,0.121,0.792,0.9,1.053,1.494
TP4431F,TP4431F,,,,RND,,RNDP08,2.2,8,0.36,0.045,,,,
TXE01989,TXE01989,,,,OVL,,OVL025,5.00*3.50,2,0.5,0.25,0.59,0.67,0.784,1.112
TXE01999,TXE01999,,,,PSH,,PSH025,5.40*3.50,2,0.5,0.25,0.59,0.67,0.784,1.112
TXE03829,TXE03829,,,,PSH,SM,PSH050,6.50*4.20,2,1,0.5,0.59,0.67,0.784,1.112
TXE03831,TXE03831,,,,OVL,SM,OVL070,7.10*4.90,2,1.5,0.75,0.625,0.71,0.831,1.179
UN1110A,UN1110A,,,,RND,,RND000,0.8,11,0.03,0.003,1.778,2.02,2.363,3.353
UN6685A,UN6685A,,,,RND,,RNDM02,1.2,4,0.03,0.008,1.813,2.06,2.41,3.42
UN6685A,UN6685A,,,,RND,,RNDM02,1.1,1,0.01,0.006,,,,
UN6685A,UN6685A,,,,RND,,RNDM02,1,1,0.01,0.005,,,,
UN6720A,UN6720A,,,,RND,,RNDM02,1.2,1,0.01,0.008,1.778,2.02,2.363,3.353
UN6720A,UN6720A,,,,RND,,RNDM02,1.1,2,0.01,0.006,,,,
UN6720A,UN6720A,,,,RND,,RNDM02,1,2,0.01,0.005,,,,
UN6946A,UN6946A,,,,RND,,RNDP02,1.4,1,0.01,0.013,1.575,1.79,2.094,2.971
UN6946A,UN6946A,,,,RND,,RNDM02,1,5,0.03,0.005,,,,
UP3787B,UP3787B,,,,RND,,RNDM02,1.2,9,0.07,0.008,0.906,1.03,1.205,1.71
UP3787B,UP3787B,,,,RND,,RNDP02,1.4,7,0.09,0.013,,,,
VE0314D,VE0314D,,,,RND,,RNDP02,1.3,12,0.12,0.01,0.722,0.82,0.959,1.361
VE0314D,VE0314D,,,,RND,,RNDM02,1.2,16,0.12,0.008,,,,
VE0794D,VE0794D,,,,RND,,RND014,3.3,2,0.26,0.13,0.889,1.01,1.182,1.677
VE1225A,VE1225A,,,,BAG,,BAG200,2.00*1.00,4,0.07,0.018,0.783,0.89,1.041,1.477
VE1225A,VE1225A,,,,RND,,RNDM02,1.2,8,0.06,0.008,,,,
VE2384A,VE2384A,,,,RND,,RNDP09,2.3,2,0.1,0.05,2.35,2.67,3.124,4.432
VE2989A,VE2989A,,,,RND,,RNDP06,2,2,0.07,0.035,2.138,2.43,2.843,4.034
VE2989A,VE2989A,,,,RND,,RND000,0.9,8,0.03,0.004,,,,
VE2989A,VE2989A,,,,RND,,RND000,0.8,6,0.02,0.003,,,,
VE5478MB,VE5478MB,,,,RND,,RND011,2.8,16,1.28,0.08,7.55,8.58,10.039,14.243
VE5478MB,VE5478MB,,,,RND,,RND012,2.9,20,1.8,0.09,,,,
VE5478N,VE5478N,,,,RND,,RND012,2.9,44,3.96,0.09,7.621,8.66,10.132,14.376
VE7420F,VE7420F,,,,,,,,,,,2.341,2.66,3.112,4.416
VE7799E,VE7799E,,,,RND,,RNDM02,1.2,26,0.2,0.008,2.103,2.39,2.796,3.967
VE7799E,VE7799E,,,,RND,,RNDP02,1.3,12,0.12,0.01,,,,
VN4517A,VN4517A,,,,RND,,RNDM02,1,17,0.09,0.005,2.473,2.81,3.288,4.665
VN5256A,VN5256A,,,,RND,,RNDM02,1.1,17,0.1,0.006,1.294,1.47,1.72,2.44
VN5256A,VN5256A,,,,RND,,RNDM02,1,2,0.01,0.005,,,,
VR0940A,VR0940A,,,,RND,,RND000,0.8,36,0.11,0.003,1.223,1.39,1.626,2.307
WE0094M,WE0094M,,,,RND,,RND014,3.3,6,0.78,0.13,4.444,5.05,5.909,8.383
WE0094M,WE0094M,,,,RND,,RND014,3.5,14,2.24,0.16,,,,
WE0094P,WE0094P,,,,RND,,RND025,3.9,12,3,0.25,5.931,6.74,7.886,11.188
WE0094P,WE0094P,,,,RND,,RND030,4.25,6,1.98,0.33,,,,
WE1651H,WE1651H,,,,RND,,RNDP05,1.6,34,0.58,0.017,3.643,4.14,4.844,6.872
WE1651H,WE1651H,,,,RND,,RNDP05,1.6,24,0.41,0.017,,,,
WE1651K,WE1651K,,,,RND,,RNDP08,2.1,28,1.12,0.04,5.474,6.22,7.277,10.325
WE1651K,WE1651K,,,,RND,,RNDP08,2.1,22,0.88,0.04,,,,
WE1651M,WE1651M,,,,RND,,RNDP09,2.4,28,1.68,0.06,7.137,8.11,9.489,13.463
WE1651M,WE1651M,,,,RND,,RNDP09,2.4,22,1.32,0.06,,,,
WE2135U,WE2135U,,,,PSH,,PSH010,3.50*2.40,12,1.2,0.1,3.986,4.53,5.3,7.52
WE2135U,WE2135U,,,,PSH,,PSH020,4.70*3.30,4,0.8,0.2,,,,
WE2135U,WE2135U,,,,PSH,,PSH015,4.20*2.80,4,0.64,0.16,,,,
WE2135U,WE2135U,,,,PSH,,PSH025,5.00*3.50,2,0.5,0.25,,,,
WE2135U,WE2135U,,,,PSH,,PSH010,3.50*2.40,4,0.4,0.1,,,,
WE2781D,WE2781D,,,,RND,,RNDM02,1,48,0.24,0.005,1.83,2.08,2.434,3.453
WE2781D,WE2781D,,,,RND,,RNDM02,1,2,0.01,0.005,,,,
XE2076G,XE2076G,,,,RND,,RNDP05,1.7,38,0.76,0.02,3.309,3.76,4.399,6.242
XE2501E,XE2501E,,,,RND,,RND000,0.8,40,0.12,0.003,2.455,2.79,3.264,4.631
XE2501E,XE2501E,,,,RND,,RND000,0.8,74,0.22,0.003,,,,
XN7944X,XN7944X,,,,RND,,RND030,4.25,1,0.33,0.33,1.329,1.51,1.767,2.507
XN7944X,XN7944X,,,,PSH,,PSH025,5.20*3.50,1,0.26,0.26,,,,
XP2134F,XP2134F,,,,OVL,,OVL010,3.20*2.30,1,0.1,0.1,0.519,0.59,0.69,0.979
XP2134F,XP2134F,,,,EME,,EME010,3.00*2.00,1,0.1,0.1,,,,
XP2134F,XP2134F,,,,PRN,,PRN010,2.50*2.50,1,0.1,0.102,,,,
XP2134F,XP2134F,,,,PSH,,PSH010,3.50*2.40,1,0.1,0.1,,,,
XP2134F,XP2134F,,,,RND,,RND012,3,1,0.1,0.1,,,,
XR0024EL,XR0024EL,,,,RND,,RNDP06,1.9,3,0.09,0.03,2.666,3.03,3.545,5.03
XR0024EL,XR0024EL,,,,RND,,RNDP06,1.8,2,0.05,0.025,,,,
XR0024EL,XR0024EL,,,,RND,,RNDP02,1.4,4,0.05,0.013,,,,
XR0024EL,XR0024EL,,,,RND,,RNDP05,1.7,2,0.04,0.02,,,,
XR0024EL,XR0024EL,,,,RND,,RNDP02,1.3,4,0.04,0.01,,,,
XR0024EL,XR0024EL,,,,RND,,RNDP05,1.6,2,0.03,0.017,,,,
XR0024EL,XR0024EL,,,,RND,,RNDP02,1.5,2,0.03,0.015,,,,
XR0025XL,XR0025XL,,,,RND,,RNDP02,1.4,12,0.15,0.013,4.162,4.73,5.534,7.852
XR0025XL,XR0025XL,,,,RND,,RNDP08,2.1,4,0.16,0.04,,,,
XR0025XL,XR0025XL,,,,RND,,RNDP08,2.2,3,0.14,0.045,,,,
XR0025XL,XR0025XL,,,,RND,,RNDP06,1.8,4,0.1,0.025,,,,
XR0025XL,XR0025XL,,,,RND,,RNDP06,2,2,0.07,0.035,,,,
XR0027EL,XR0027EL,,,,RND,,RNDP06,2,2,0.07,0.035,3.001,3.41,3.99,5.661
XR0027EL,XR0027EL,,,,RND,,RNDP06,1.9,3,0.09,0.03,,,,
XR0027EL,XR0027EL,,,,RND,,RNDP05,1.7,3,0.06,0.02,,,,
XR0027EL,XR0027EL,,,,RND,,RNDP06,1.8,2,0.05,0.025,,,,
XR0027EL,XR0027EL,,,,RND,,RNDP05,1.6,3,0.05,0.017,,,,
XR0027EL,XR0027EL,,,,RND,,RNDP02,1.3,1,0.01,0.01,,,,
XR0027EL,XR0027EL,,,,RND,,RND000,0.9,1,0,0.004,,,,
XR0032BL,XR0032BL,,,,RND,,RNDP06,2,1,0.04,0.035,1.945,2.21,2.586,3.669
XR0032BL,XR0032BL,,,,RND,,RNDP06,1.8,2,0.05,0.025,,,,
XR0032BL,XR0032BL,,,,RND,,RNDP05,1.6,2,0.03,0.017,,,,
XR0032BL,XR0032BL,,,,RND,,RNDP02,1.5,2,0.03,0.015,,,,
XR0041F,XR0041F,,,,RND,,RNDM02,1.2,60,0.45,0.008,4.277,4.86,5.686,8.068
XR0041F,XR0041F,,,,RND,,RNDM02,1.1,8,0.05,0.006,,,,
XR0051SE,XR0051SE,,,,OVL,SM,OVL050,6.00*4.00,1,0.5,0.5,2.834,3.22,3.767,5.345
XR0051SE,XR0051SE,,,,RND,,RNDP02,1.4,14,0.18,0.013,,,,
XR0051SE,XR0051SE,,,,RND,,RNDP06,2,4,0.14,0.035,,,,
XR0051SE,XR0051SE,,,,RND,,RNDM02,1,26,0.13,0.005,,,,
XR0051SE,XR0051SE,,,,RND,,RNDP06,1.8,4,0.1,0.025,,,,
XR0051SE,XR0051SE,,,,RND,,RNDM02,1,18,0.09,0.005,,,,
XR0051SE,XR0051SE,,,,RND,,RNDP06,1.9,2,0.06,0.03,,,,
XR0051SE,XR0051SE,,,,RND,,RNDP05,1.7,2,0.04,0.02,,,,
XR0396J,XR0396J,,,,RND,,RNDP05,1.6,34,0.58,0.017,4.919,5.59,6.54,9.279
XR0396J,XR0396J,,,,RND,,RNDP02,1.5,12,0.18,0.015,,,,
XR0396J,XR0396J,,,,OVL,,OVL015,4.00*2.90,1,0.16,0.16,,,,
XR0396J,XR0396J,,,,PSH,,PSH015,4.20*2.80,1,0.16,0.16,,,,
XR0396J,XR0396J,,,,EME,,EME015,3.50*2.50,1,0.15,0.15,,,,
XR0396J,XR0396J,,,,RND,,RND014,3.3,1,0.13,0.13,,,,
XR0396J,XR0396J,,,,PRN,,PRN010,2.70*2.70,1,0.12,0.12,,,,
XR0526XE,XR0526XE,,,,OVL,,OVL040,5.80*3.80,1,0.4,0.4,2.05,2.33,2.726,3.868
XR0526XE,XR0526XE,,,,RND,,RNDM02,1.2,16,0.12,0.008,,,,
XR0526XE,XR0526XE,,,,RND,,RNDM02,1.2,6,0.05,0.008,,,,
XR0526XE,XR0526XE,,,,RND,,RNDM02,1.1,8,0.05,0.006,,,,
XR0526XE,XR0526XE,,,,RND,,RNDM02,1,2,0.01,0.005,,,,
XR0580ZEA,XR0580ZEA,,,,RND,,RNDP02,1.3,3,0.03,0.01,2.86,3.25,3.803,5.395
XR0580ZEA,XR0580ZEA,,,,RND,,RNDP02,1.3,16,0.16,0.01,,,,
XR0580ZEA,XR0580ZEA,,,,BAG,,BAG250,2.70*1.40,3,0.1,0.032,,,,
XR0580ZEA,XR0580ZEA,,,,RND,,RND000,0.8,27,0.08,0.003,,,,
XR0580ZEA,XR0580ZEA,,,,RND,,RNDP05,1.6,1,0.02,0.017,,,,
XR0580ZEA,XR0580ZEA,,,,RND,,RNDM02,1,2,0.01,0.005,,,,
XR0609FE,XR0609FE,,,,EME,,EME030,4.50*3.30,1,0.33,0.33,2.094,2.38,2.785,3.951
XR0609FE,XR0609FE,,,,RND,,RNDM02,1.2,16,0.12,0.008,,,,
XR0609FE,XR0609FE,,,,RND,,RNDM02,1,16,0.08,0.005,,,,
XR0713J,XR0713J,,,,RND,,RNDM02,1,1,0.01,0.005,2.957,3.36,3.931,5.578
XR0713J,XR0713J,,,,MQS,,MQS015,5.00*2.50,6,0.96,0.16,,,,
XR0713J,XR0713J,,,,RND,,RND012,3.1,5,0.55,0.11,,,,
XR1037JL,XR1037JL,,,,RND,,RNDM02,1.1,18,0.11,0.006,2.165,2.46,2.878,4.084
XR1037JL,XR1037JL,,,,RND,,RNDM02,1.2,9,0.07,0.008,,,,
XR1047GEA,XR1047GEA,,,,RND,SM,RND050,4.9,1,0.5,0.5,3.485,3.96,4.633,6.574
XR1047GEA,XR1047GEA,,,,RND,,RNDM02,1.2,32,0.24,0.008,,,,
XR1047HE,XR1047HE,,,,RND,SM,RND050,4.9,1,0.5,0.5,3.309,3.76,4.399,6.242
XR1047HE,XR1047HE,,,,RND,,RNDP05,1.6,20,0.34,0.017,,,,
XR1047HE,XR1047HE,,,,RND,,RNDP02,1.5,12,0.18,0.015,,,,
XR1048HE,XR1048HE,,,,RND,SM,RND060,5.25,1,0.62,0.62,3.441,3.91,4.575,6.491
XR1048HE,XR1048HE,,,,RND,,RNDM02,1.1,28,0.17,0.006,,,,
XR1048HE,XR1048HE,,,,RND,,RNDP02,1.4,6,0.08,0.013,,,,
XR1048HE,XR1048HE,,,,RND,,RNDP05,1.7,4,0.08,0.02,,,,
XR1048HE,XR1048HE,,,,RND,,RNDM02,1,8,0.04,0.005,,,,
XR1048HE,XR1048HE,,,,RND,,RNDM02,1.2,2,0.02,0.008,,,,
XR1048HE,XR1048HE,,,,RND,,RNDP02,1.3,2,0.02,0.01,,,,
XR1051JE,XR1051JE,,,,RND,SM,RND070,5.55,1,0.75,0.75,3.168,3.6,4.212,5.976
XR1051JE,XR1051JE,,,,RND,,RNDP06,1.8,12,0.3,0.025,,,,
XR1051JE,XR1051JE,,,,RND,,RNDP06,1.9,8,0.24,0.03,,,,
XR1051JE,XR1051JE,,,,RND,,RNDP05,1.7,8,0.16,0.02,,,,
XR1051JE,XR1051JE,,,,RND,,RND000,0.8,14,0.04,0.003,,,,
XR1052HE,XR1052HE,,,,RND,SM,RND050,4.9,1,0.5,0.5,3.978,4.52,5.288,7.503
XR1052HE,XR1052HE,,,,RND,,RNDP05,1.6,20,0.34,0.017,,,,
XR1052HE,XR1052HE,,,,RND,,RNDP02,1.5,12,0.18,0.015,,,,
XR1053GE,XR1053GE,,,,RND,SM,RND050,4.9,1,0.5,0.5,3.194,3.63,4.247,6.026
XR1053GE,XR1053GE,,,,RND,,RNDM02,1.2,24,0.18,0.008,,,,
XR1053GE,XR1053GE,,,,RND,,RNDM02,1.1,12,0.07,0.006,,,,
XR1087K,XR1087K,,,,RND,,RNDP02,1.4,8,0.1,0.013,7.269,8.26,9.664,13.712
XR1087K,XR1087K,,,,BAG,,BAG200,2.00*1.00,40,0.79,0.02,,,,
XR1087K,XR1087K,,,,RND,,RNDP06,1.9,17,0.51,0.03,,,,
XR1087K,XR1087K,,,,BAG,,BAG200,1.90*1.00,10,0.16,0.016,,,,
XR1087K,XR1087K,,,,RND,,RNDP05,1.7,8,0.16,0.02,,,,
XR1087K,XR1087K,,,,RND,,RNDP02,1.5,8,0.12,0.015,,,,
XR1087K,XR1087K,,,,RND,,RNDP06,1.8,4,0.1,0.025,,,,
XR1087K,XR1087K,,,,RND,,RNDP05,1.6,4,0.07,0.017,,,,
XR1787G,XR1787G,,,,RND,,RNDM02,1.1,46,0.28,0.006,3.608,4.1,4.797,6.806
XR1787G,XR1787G,,,,RND,,RNDP09,2.3,7,0.35,0.05,,,,
XR1787G,XR1787G,,,,BAG,,BAG200,2.10*1.10,6,0.11,0.019,,,,
XR1848H,XR1848H,,,,EME,SM,EME100,7.00*5.00,1,1,1,2.605,2.96,3.463,4.914
XR1849GE,XR1849GE,,,,RND,SM,RND050,4.9,1,0.5,0.5,2.922,3.32,3.884,5.511
XR1849GE,XR1849GE,,,,RND,,RNDM02,1.1,30,0.18,0.006,,,,
XR1849GE,XR1849GE,,,,RND,,RNDM02,1,12,0.06,0.005,,,,
XR1849GE,XR1849GE,,,,RND,,RND000,0.9,4,0.02,0.004,,,,
XR1850D,XR1850D,,,,RND,,RNDM02,1.1,36,0.22,0.006,1.998,2.27,2.656,3.768
XR1850D,XR1850D,,,,RND,,RNDM02,1.2,6,0.05,0.008,,,,
XR1996GE,XR1996GE,,,,RND,,RND030,4.25,1,0.33,0.33,1.945,2.21,2.586,3.669
XR1996GE,XR1996GE,,,,RND,,RNDP02,1.4,18,0.23,0.013,,,,
XR1996GE,XR1996GE,,,,RND,,RNDM02,1.2,8,0.06,0.008,,,,
XR1996GE,XR1996GE,,,,RND,,RNDM02,1,8,0.04,0.005,,,,
XR1996GE,XR1996GE,,,,RND,,RNDP05,1.6,2,0.03,0.017,,,,
XR1996GE,XR1996GE,,,,RND,,RND000,0.8,8,0.02,0.003,,,,
XR1996GE,XR1996GE,,,,RND,,RND000,0.8,4,0.01,0.003,,,,
XR2024H,XR2024H,,,,EME,,EME010,3.00*2.00,5,0.5,0.1,3.221,3.66,4.282,6.076
XR2024H,XR2024H,,,,RND,,RNDP02,1.4,30,0.38,0.013,,,,
XR2024H,XR2024H,,,,RND,,RNDP06,1.9,4,0.12,0.03,,,,
XR2073S,XR2073S,,,,RND,,RND014,3.5,2,0.32,0.16,3.168,3.6,4.212,5.976
XR2073S,XR2073S,,,,RND,,RND020,3.65,2,0.4,0.2,,,,
XR2073S,XR2073S,,,,RND,,RND025,3.9,1,0.25,0.25,,,,
XR2073S,XR2073S,,,,RND,,RNDP02,1.3,12,0.12,0.01,,,,
XR2073S,XR2073S,,,,RND,,RNDM02,1.1,16,0.1,0.006,,,,
XR2073S,XR2073S,,,,RND,,RNDM02,1,16,0.08,0.005,,,,
XR2074H,XR2074H,,,,RND,,RND014,3.5,5,0.8,0.16,3.221,3.66,4.282,6.076
XR2074H,XR2074H,,,,RND,,RND000,0.9,34,0.14,0.004,,,,
XR2074H,XR2074H,,,,RND,,RND000,0.8,32,0.1,0.003,,,,
XR2149KE,XR2149KE,,,,RND,SM,RND100,6.25,1,1,1,3.978,4.52,5.288,7.503
XR2149KE,XR2149KE,,,,RND,,RNDP05,1.7,16,0.32,0.02,,,,
XR2149KE,XR2149KE,,,,RND,,RNDP06,1.8,12,0.3,0.025,,,,
XR2149KL,XR2149KL,,,,RND,,RNDP05,1.7,6,0.12,0.02,2.05,2.33,2.726,3.868
XR2149KL,XR2149KL,,,,RND,,RNDP06,1.8,10,0.25,0.025,,,,
XR2425SE,XR2425SE,,,,RND,SM,RND100,6.25,1,1,1,2.517,2.86,3.346,4.748
XR2425SE,XR2425SE,,,,RND,,RNDM02,1,20,0.1,0.005,,,,
XR2425SE,XR2425SE,,,,RND,,RNDM02,1.1,14,0.08,0.006,,,,
XR2425SE,XR2425SE,,,,RND,,RND000,0.9,12,0.05,0.004,,,,
XR2425SE,XR2425SE,,,,RND,,RND000,0.9,6,0.02,0.004,,,,
XR2426GE,XR2426GE,,,,PRN,SM,PRN050,4.20*4.20,1,0.5,0.5,2.834,3.22,3.767,5.345
XR2426GE,XR2426GE,,,,RND,,RNDM02,1.1,26,0.16,0.006,,,,
XR2426GE,XR2426GE,,,,RND,,RNDM02,1,12,0.06,0.005,,,,
XR2426GE,XR2426GE,,,,RND,,RND000,0.9,10,0.04,0.004,,,,
XR2427N,XR2427N,,,,OVL,,OVL020,4.60*3.22,20,4,0.2,6.433,7.31,8.553,12.135
XR2429GEA,XR2429GEA,,,,RND,SM,RND050,4.9,1,0.5,0.5,2.279,2.59,3.03,4.299
XR2429GEA,XR2429GEA,,,,RND,,RNDP02,1.3,22,0.22,0.01,,,,
XR2429GEA,XR2429GEA,,,,RND,,RNDM02,1,4,0.02,0.005,,,,
XR2429SE,XR2429SE,,,,RND,SM,RND100,6.25,1,1,1,2.446,2.78,3.253,4.615
XR2429SE,XR2429SE,,,,RND,,RNDP02,1.3,22,0.22,0.01,,,,
XR2429SE,XR2429SE,,,,RND,,RNDM02,1,4,0.02,0.005,,,,
XR2638SE,XR2638SE,,,,EME,SM,EME050,5.50*3.50,1,0.5,0.5,2.42,2.75,3.218,4.565
XR2638SE,XR2638SE,,,,BAG,,BAG300,3.20*1.60,4,0.22,0.056,,,,
XR2638SE,XR2638SE,,,,RND,,RNDP08,2.2,4,0.18,0.045,,,,
XR2638SE,XR2638SE,,,,RND,,RNDP09,2.5,2,0.14,0.07,,,,
XR2638SE,XR2638SE,,,,RND,,RNDP02,1.5,8,0.12,0.015,,,,
XR2638SE,XR2638SE,,,,RND,,RNDP09,2.3,2,0.1,0.05,,,,
XR2638SE,XR2638SE,,,,RND,,RNDP02,1.4,6,0.08,0.013,,,,
XR2640SE,XR2640SE,,,,RND,,RNDP05,1.6,20,0.34,0.017,3.828,4.35,5.09,7.221
XR2640SE,XR2640SE,,,,RND,,RNDP05,1.6,20,0.34,0.017,,,,
XR2640SE,XR2640SE,,,,EME,,EME030,4.50*3.30,1,0.33,0.33,,,,
XR2640SE,XR2640SE,,,,RND,,RNDP02,1.5,14,0.21,0.015,,,,
XR2640SE,XR2640SE,,,,RND,,RNDP02,1.5,6,0.09,0.015,,,,
XR2640SE,XR2640SE,,,,RND,,RNDP02,1.3,2,0.02,0.01,,,,
XR2643Z,XR2643Z,,,,PRN,,PRN020,3.10*3.10,2,0.4,0.2,2.024,2.3,2.691,3.818
XR2644SE,XR2644SE,,,,PSH,,PSH030,5.70*3.70,1,0.33,0.33,3.555,4.04,4.727,6.706
XR2644SE,XR2644SE,,,,RND,,RNDP06,1.8,14,0.35,0.025,,,,
XR2644SE,XR2644SE,,,,RND,,RNDP02,1.4,14,0.18,0.013,,,,
XR2644SE,XR2644SE,,,,RND,,RNDP02,1.5,8,0.12,0.015,,,,
XR2644SE,XR2644SE,,,,RND,,RNDP05,1.7,6,0.12,0.02,,,,
XR2644SE,XR2644SE,,,,RND,,RNDP06,2,2,0.07,0.035,,,,
XR2644SE,XR2644SE,,,,RND,,RNDP05,1.6,4,0.07,0.017,,,,
XR2644SE,XR2644SE,,,,RND,,RNDP09,2.4,1,0.06,0.06,,,,
XR2644SE,XR2644SE,,,,RND,,RNDP02,1.4,2,0.03,0.013,,,,
XR2644SE,XR2644SE,,,,RND,,RNDP02,1.4,1,0.01,0.013,,,,
XR2677HE,XR2677HE,,,,PRN,SM,PRN050,4.20*4.20,1,0.5,0.5,3.01,3.42,4.001,5.677
XR2677HE,XR2677HE,,,,RND,,RNDP02,1.5,16,0.24,0.015,,,,
XR2677HE,XR2677HE,,,,RND,,RNDP02,1.3,16,0.16,0.01,,,,
XR2677HE,XR2677HE,,,,BAG,,BAG250,2.70*1.40,4,0.13,0.032,,,,
XR2678XE,XR2678XE,,,,OVL,,OVL010,3.20*2.30,1,0.1,0.1,2.385,2.71,3.171,4.499
XR2678XE,XR2678XE,,,,RND,,RND000,0.9,24,0.1,0.004,,,,
XR2678XE,XR2678XE,,,,RND,,RNDM02,1.1,14,0.08,0.006,,,,
XR2678XE,XR2678XE,,,,RND,,RNDP08,2.1,2,0.08,0.04,,,,
XR2678XE,XR2678XE,,,,RND,,RNDM02,1.2,6,0.05,0.008,,,,
XR2678XE,XR2678XE,,,,RND,,RND000,0.9,12,0.05,0.004,,,,
XR2678XE,XR2678XE,,,,RND,,RNDM02,1.1,6,0.04,0.006,,,,
XR2678XE,XR2678XE,,,,RND,,RND000,0.9,8,0.03,0.004,,,,
XR2679SE,XR2679SE,,,,PRN,SM,PRN050,4.20*4.20,1,0.5,0.5,2.737,3.11,3.639,5.163
XR2679SE,XR2679SE,,,,PRN,,PRN025,3.30*3.30,2,0.52,0.26,,,,
XR2679SE,XR2679SE,,,,RND,,RNDP05,1.6,12,0.2,0.017,,,,
XR2679SE,XR2679SE,,,,RND,,RNDP02,1.3,2,0.02,0.01,,,,
XR2681HE,XR2681HE,,,,MQS,SM,MQS050,7.30*3.70,1,0.5,0.5,2.64,3,3.51,4.98
XR2681HE,XR2681HE,,,,RND,,RNDP06,1.8,10,0.25,0.025,,,,
XR2681HE,XR2681HE,,,,RND,,RNDP06,1.9,4,0.12,0.03,,,,
XR2681HE,XR2681HE,,,,RND,,RNDP06,1.9,2,0.06,0.03,,,,
XR2681HE,XR2681HE,,,,RND,,RNDP02,1.5,4,0.06,0.015,,,,
XR2704DEA,XR2704DEA,,,,RND,,RND025,3.9,1,0.25,0.25,2.05,2.33,2.726,3.868
XR2704DEA,XR2704DEA,,,,RND,,RNDP02,1.4,2,0.03,0.013,,,,
XR2704DEA,XR2704DEA,,,,RND,,RNDM02,1,2,0.01,0.005,,,,
XR2705GE,XR2705GE,,,,BAG,,BAG150,1.50*0.80,2,0.02,0.008,3.599,4.09,4.785,6.789
XR2705GE,XR2705GE,,,,RND,,RNDP02,1.4,20,0.25,0.013,,,,
XR2705GE,XR2705GE,,,,RND,,RNDP02,1.4,16,0.2,0.013,,,,
XR2705GE,XR2705GE,,,,RND,,RNDP02,1.5,10,0.15,0.015,,,,
XR2705GE,XR2705GE,,,,BAG,,BAG300,3.30*1.10,3,0.09,0.031,,,,
XR2705GE,XR2705GE,,,,RND,,RND000,0.9,4,0.02,0.004,,,,
XR2705GE,XR2705GE,,,,RND,,RNDM02,1,2,0.01,0.005,,,,
XR2712ZL,XR2712ZL,,,,RND,,RNDP02,1.3,17,0.17,0.01,1.443,1.64,1.919,2.722
XR2714CE,XR2714CE,,,,OVL,CS,OVL070,7.00*5.00,1,,,2.13,2.42,2.831,4.017
XR2714CE,XR2714CE,,,,RND,,RNDM02,1.2,6,0.05,0.008,,,,
XR2714CE,XR2714CE,,,,RND,,RNDM02,1,8,0.04,0.005,,,,
XR2714CE,XR2714CE,,,,RND,,RND000,0.8,12,0.04,0.003,,,,
XR2714CE,XR2714CE,,,,RND,,RNDM02,1.2,4,0.03,0.008,,,,
XR2714CE,XR2714CE,,,,RND,,RNDP02,1.3,2,0.02,0.01,,,,
XR2714CE,XR2714CE,,,,RND,,RND000,0.9,4,0.02,0.004,,,,
XR2714CE,XR2714CE,,,,RND,,RND000,0.8,4,0.01,0.003,,,,
XR2717CE,XR2717CE,,,,PSH,CS,PSH100,7.00*5.00,1,,,1.734,1.97,2.305,3.27
XR2717CE,XR2717CE,,,,RND,,RNDM02,1.1,14,0.08,0.006,,,,
XR2717CE,XR2717CE,,,,RND,,RNDM02,1,14,0.07,0.005,,,,
XR2717CL,XR2717CL,,,,RND,,RNDM02,1.1,9,0.05,0.006,1.241,1.41,1.65,2.341
XR2749D,XR2749D,,,,RND,,RNDP06,2,2,0.07,0.035,1.558,1.77,2.071,2.938
XR2749D,XR2749D,,,,RND,,RNDP09,2.4,1,0.06,0.06,,,,
XR2749D,XR2749D,,,,RND,,RNDP06,1.8,2,0.05,0.025,,,,
XR2749D,XR2749D,,,,RND,,RNDP02,1.3,4,0.04,0.01,,,,
XR2749D,XR2749D,,,,RND,,RNDP02,1.5,2,0.03,0.015,,,,
XR2772FE,XR2772FE,,,,RND,,RNDM02,1,1,0.01,0.005,2.719,3.09,3.615,5.129
XR2772FE,XR2772FE,,,,RND,,RNDM02,1.2,16,0.12,0.008,,,,
XR2772FE,XR2772FE,,,,RND,,RNDM02,1,18,0.09,0.005,,,,
XR2772FE,XR2772FE,,,,RND,,RNDM02,1.2,10,0.08,0.008,,,,
XR2772FE,XR2772FE,,,,BAG,,BAG150,1.50*0.80,6,0.05,0.008,,,,
XR2772FE,XR2772FE,,,,BAG,,BAG200,1.90*1.00,4,0.05,0.013,,,,
XR2772FE,XR2772FE,,,,RND,,RNDM02,1.1,6,0.04,0.006,,,,
XR2772FE,XR2772FE,,,,RND,,RNDP02,1.4,2,0.03,0.013,,,,
XR2772FE,XR2772FE,,,,RND,,RNDM02,1,6,0.03,0.005,,,,
XR2772FE,XR2772FE,,,,RND,,RNDP02,1.5,2,0.03,0.015,,,,
XR2772FE,XR2772FE,,,,BAG,,BAG150,1.60*0.80,2,0.02,0.01,,,,
XR2772FE,XR2772FE,,,,RND,,RNDM02,1.2,2,0.02,0.008,,,,
XR2802EE,XR2802EE,,,,EME,CS,EME100,7.00*5.00,1,,,2.394,2.72,3.182,4.515
XR2802EE,XR2802EE,,,,RND,,RNDP08,2.1,2,0.08,0.04,,,,
XR2802EE,XR2802EE,,,,RND,,RNDP06,1.9,2,0.06,0.03,,,,
XR2802EE,XR2802EE,,,,RND,,RNDP06,1.8,2,0.05,0.025,,,,
XR2802EE,XR2802EE,,,,RND,,RNDP05,1.7,2,0.04,0.02,,,,
XR2802EE,XR2802EE,,,,RND,,RNDP02,1.5,2,0.03,0.015,,,,
XR2802EE,XR2802EE,,,,RND,,RNDP05,1.6,2,0.03,0.017,,,,
XR2802EE,XR2802EE,,,,RND,,RNDP02,1.4,2,0.03,0.013,,,,
XR2802EE,XR2802EE,,,,RND,,RNDP02,1.3,2,0.02,0.01,,,,
XR2804FE,XR2804FE,,,,CUS,CS,CUS100,6.00*6.00,1,,,2.728,3.1,3.627,5.146
XR2804FE,XR2804FE,,,,RND,,RNDP02,1.3,16,0.16,0.01,,,,
XR2804FE,XR2804FE,,,,RND,,RNDP02,1.4,12,0.15,0.013,,,,
XR2804FE,XR2804FE,,,,RND,,RNDP05,1.6,4,0.07,0.017,,,,
XR2804FL,XR2804FL,,,,RND,,RNDP02,1.3,11,0.11,0.01,1.54,1.75,2.048,2.905
XR2993XE,XR2993XE,,,,EME,,EME015,3.50*2.50,1,0.15,0.15,2.499,2.84,3.323,4.714
XR2993XE,XR2993XE,,,,RND,,RNDM02,1.2,18,0.14,0.008,,,,
XR2993XE,XR2993XE,,,,RND,,RNDM02,1.1,16,0.1,0.006,,,,
XR2993XE,XR2993XE,,,,RND,,RNDM02,1,16,0.08,0.005,,,,
XR2993XE,XR2993XE,,,,RND,,RND000,0.9,14,0.06,0.004,,,,
XR2993XL,XR2993XL,,,,RND,,RNDM02,1,23,0.12,0.005,0.942,1.07,1.252,1.776
XR3001F,XR3001F,,,,OVL,,OVL010,3.60*2.60,1,0.13,0.125,2.42,2.75,3.218,4.565
XR3001F,XR3001F,,,,RND,,RNDM02,1,22,0.11,0.005,,,,
XR3001F,XR3001F,,,,RND,,RNDP02,1.4,8,0.1,0.013,,,,
XR3001F,XR3001F,,,,RND,,RNDP02,1.3,8,0.08,0.01,,,,
XR3001F,XR3001F,,,,RND,,RNDM02,1.2,6,0.05,0.008,,,,
XR3001F,XR3001F,,,,RND,,RNDP05,1.6,2,0.03,0.017,,,,
XR3001F,XR3001F,,,,RND,,RNDM02,1,1,0.01,0.005,,,,
XR3082JE,XR3082JE,,,,RND,SM,RND070,5.55,1,0.75,0.75,3.265,3.71,4.341,6.159
XR3082JE,XR3082JE,,,,RND,,RNDP02,1.5,32,0.48,0.015,,,,
XR3082JL,XR3082JL,,,,RND,,RNDP02,1.3,25,0.25,0.01,1.804,2.05,2.399,3.403
XR3358GE,XR3358GE,,,,RND,SM,RND050,4.9,1,0.5,0.5,2.552,2.9,3.393,4.814
XR3358GE,XR3358GE,,,,RND,,RNDP02,1.5,16,0.24,0.015,,,,
XR3358GE1,XR3358GE1,,,,PRN,SM,PRN050,4.20*4.20,1,0.5,0.5,2.552,2.9,3.393,4.814
XR3358GE1,XR3358GE1,,,,RND,,RNDP02,1.5,16,0.24,0.015,,,,
XR3442SE,XR3442SE,,,,RND,SM,RND070,5.55,1,0.75,0.75,2.499,2.84,3.323,4.714
XR3442SE,XR3442SE,,,,RND,,RNDP09,2.3,4,0.2,0.05,,,,
XR3442SE,XR3442SE,,,,BAG,,BAG300,2.90*1.50,4,0.14,0.036,,,,
XR3442SE,XR3442SE,,,,RND,,RNDP02,1.4,8,0.1,0.013,,,,
XR3442SE,XR3442SE,,,,RND,,RNDP02,1.3,6,0.06,0.01,,,,
XR3464F,XR3464F,,,,EME,,EME010,3.20*2.30,1,0.13,0.13,3.001,3.41,3.99,5.661
XR3464F,XR3464F,,,,RND,,RNDM02,1.2,33,0.25,0.008,,,,
XR3464F,XR3464F,,,,PSH,,PSHP07,3.30*2.10,1,0.07,0.07,,,,
XR3464F,XR3464F,,,,PRN,,PRNP07,2.00*2.00,1,0.05,0.053,,,,
XR3469J,XR3469J,,,,RND,,RNDP08,2.2,8,0.36,0.045,4.55,5.17,6.049,8.582
XR3469J,XR3469J,,,,MQS,,MQSP07,3.80*1.90,8,0.48,0.06,,,,
XR3469J,XR3469J,,,,BAG,,BAG350,3.60*1.80,5,0.35,0.07,,,,
XR3469J,XR3469J,,,,RND,,RNDP09,2.3,4,0.2,0.05,,,,
XR3469J,XR3469J,,,,RND,,RNDP09,2.3,2,0.1,0.05,,,,
XR3511F,XR3511F,,,,RND,,RNDM02,1.2,44,0.33,0.008,4.33,4.92,5.756,8.167
XR3511F,XR3511F,,,,RND,,RNDP02,1.5,12,0.18,0.015,,,,
XR3550F,XR3550F,,,,MQS,,MQSP07,3.50*1.70,8,0.4,0.05,2.165,2.46,2.878,4.084
XR3550F,XR3550F,,,,RND,,RNDP02,1.3,9,0.09,0.01,,,,
XR3659DG,XR3659DG,,,,RND,,RND025,3.9,1,0.25,0.25,4.277,4.86,5.686,8.068
XR4369JEC,XR4369JEC,,,,RND,SM,RND100,6.5,1,1,1,2.218,2.52,2.948,4.183
XR4369JEC,XR4369JEC,,,,RND,,RNDP02,1.4,20,0.25,0.013,,,,
XR4369JLC,XR4369JLC,,,,RND,,RNDP02,1.3,21,0.21,0.01,1.725,1.96,2.293,3.254
XR4369SE,XR4369SE,,,,RND,SM,RND100,6.25,1,1,1,1.945,2.21,2.586,3.669
XR4369SE,XR4369SE,,,,RND,,RNDP02,1.4,20,0.25,0.013,,,,
XR4370KL,XR4370KL,,,,RND,,RNDP05,1.6,13,0.22,0.017,1.558,1.77,2.071,2.938
XR4370KL,XR4370KL,,,,RND,,RNDP02,1.5,12,0.18,0.015,,,,
XR4585S,XR4585S,,,,BAG,,BAG300,3.20*1.60,4,0.22,0.056,4.55,5.17,6.049,8.582
XR4585S,XR4585S,,,,BAG,,BAG300,3.30*1.70,16,0.96,0.06,,,,
XR4585S,XR4585S,,,,BAG,,BAG300,3.10*1.60,2,0.1,0.05,,,,
XR4603JG,XR4603JG,,,,PRN,,PRN010,2.50*2.50,8,0.82,0.102,7.269,8.26,9.664,13.712
XR4603JG,XR4603JG,,,,PRN,,PRN010,2.40*2.40,4,0.36,0.09,,,,
XR4603JG,XR4603JG,,,,PRN,,PRN010,2.60*0.00,3,0.33,0.11,,,,
XR4604EG,XR4604EG,,,,PRN,,PRNP07,2.10*2.10,2,0.12,0.06,5.993,6.81,7.968,11.305
XR4604EG,XR4604EG,,,,PRN,,PRNP07,2.00*2.00,4,0.21,0.053,,,,
XR4610SG,XR4610SG,,,,PRN,,PRNP07,2.30*2.30,6,0.46,0.076,7.656,8.7,10.179,14.442
XR4610SG,XR4610SG,,,,RND,,RNDP08,2.1,8,0.32,0.04,,,,
XR4610SG,XR4610SG,,,,RND,,RNDP06,2,8,0.28,0.035,,,,
XR4610SG,XR4610SG,,,,PRN,,PRNP07,2.20*2.20,4,0.26,0.066,,,,
XR4665GE,XR4665GE,,,,EME,,EME030,4.50*3.30,1,0.33,0.33,2.112,2.4,2.808,3.984
XR4665GE,XR4665GE,,,,BAG,,BAG300,3.00*1.50,2,0.08,0.042,,,,
XR4665GE,XR4665GE,,,,RND,,RNDM02,1.2,10,0.08,0.008,,,,
XR4665GE,XR4665GE,,,,RND,,RNDM02,1.2,10,0.08,0.008,,,,
XR4665GE,XR4665GE,,,,BAG,,BAG250,2.50*1.30,2,0.05,0.027,,,,
XR4665GL,XR4665GL,,,,RND,,RNDM02,1.2,10,0.08,0.008,1.39,1.58,1.849,2.623
XR4665GL,XR4665GL,,,,BAG,,BAG200,2.30*1.20,3,0.07,0.024,,,,
XR4670HE,XR4670HE,,,,PRN,,PRN030,3.65*3.65,1,0.33,0.33,3.388,3.85,4.505,6.391
XR4670HE,XR4670HE,,,,RND,,RNDP02,1.3,20,0.2,0.01,,,,
XR4670HE,XR4670HE,,,,BAG,,BAG150,1.40*0.70,26,0.16,0.006,,,,
XR4670HE,XR4670HE,,,,RND,,RNDM02,1.1,16,0.1,0.006,,,,
XR4670HL,XR4670HL,,,,BAG,,BAG150,1.50*0.80,23,0.17,0.008,1.998,2.27,2.656,3.768
XR4670HL,XR4670HL,,,,BAG,,BAG150,1.40*0.70,8,0.05,0.006,,,,
XR4672RE,XR4672RE,,,,PRN,,PRN020,3.10*3.10,1,0.2,0.2,3.326,3.78,4.423,6.275
XR4672RE,XR4672RE,,,,BAG,,BAG150,1.60*0.80,10,0.1,0.01,,,,
XR4672RE,XR4672RE,,,,BAG,,BAG150,1.60*0.80,8,0.08,0.01,,,,
XR4672RE,XR4672RE,,,,RND,,RND000,0.9,20,0.08,0.004,,,,
XR4672RE,XR4672RE,,,,BAG,,BAG150,1.50*0.80,8,0.06,0.008,,,,
XR4672RE,XR4672RE,,,,RND,,RNDM02,1.1,8,0.05,0.006,,,,
XR4672RE,XR4672RE,,,,BAG,,BAG150,1.70*0.90,2,0.02,0.011,,,,
XR4672RE,XR4672RE,,,,RND,,RNDM02,1.1,4,0.02,0.006,,,,
XR4672RE,XR4672RE,,,,BAG,,BAG150,1.40*0.70,2,0.01,0.006,,,,
XR4672RL,XR4672RL,,,,BAG,,BAG150,1.40*0.70,10,0.06,0.006,1.883,2.14,2.504,3.552
XR4672RL,XR4672RL,,,,BAG,,BAG150,1.50*0.80,23,0.17,0.008,,,,
XR4940F,XR4940F,,,,RND,,RND000,0.9,16,0.06,0.004,5.386,6.12,7.16,10.159
XR4940F,XR4940F,,,,RND,,RNDM02,1.1,44,0.26,0.006,,,,
XR4940F,XR4940F,,,,RND,,RNDM02,1,26,0.13,0.005,,,,
XR4940F,XR4940F,,,,RND,,RNDM02,1.2,8,0.06,0.008,,,,
XR4943G,XR4943G,,,,RND,,RNDM02,1.2,20,0.15,0.008,5.104,5.8,6.786,9.628
XR4943G,XR4943G,,,,RND,,RNDP05,1.6,8,0.14,0.017,,,,
XR4943G,XR4943G,,,,RND,,RNDM02,1.1,20,0.12,0.006,,,,
XR4943G,XR4943G,,,,RND,,RNDP05,1.7,6,0.12,0.02,,,,
XR4943G,XR4943G,,,,RND,,RNDP02,1.5,8,0.12,0.015,,,,
XR4943G,XR4943G,,,,RND,,RNDM02,1,12,0.06,0.005,,,,
XR4943G,XR4943G,,,,RND,,RND000,0.9,8,0.03,0.004,,,,
XR4943G,XR4943G,,,,RND,,RNDM02,1,4,0.02,0.005,,,,
XR4944H,XR4944H,,,,BAG,,BAG250,2.80*1.40,4,0.13,0.033,6.442,7.32,8.564,12.151
XR4944H,XR4944H,,,,RND,,RNDP06,1.9,6,0.18,0.03,,,,
XR4944H,XR4944H,,,,RND,,RNDP06,1.8,6,0.15,0.025,,,,
XR4944H,XR4944H,,,,BAG,,BAG300,2.90*1.50,4,0.14,0.036,,,,
XR4944H,XR4944H,,,,RND,,RNDP05,1.6,8,0.14,0.017,,,,
XR4944H,XR4944H,,,,RND,,RNDP02,1.4,8,0.1,0.013,,,,
XR4944H,XR4944H,,,,RND,,RNDP05,1.7,4,0.08,0.02,,,,
XR4944H,XR4944H,,,,RND,,RNDP05,1.7,4,0.08,0.02,,,,
XR4945F,XR4945F,,,,RND,,RNDM02,1.2,22,0.17,0.008,5.94,6.75,7.898,11.205
XR4945F,XR4945F,,,,RND,,RNDM02,1.1,24,0.14,0.006,,,,
XR4945F,XR4945F,,,,RND,,RNDP02,1.3,12,0.12,0.01,,,,
XR4945F,XR4945F,,,,RND,,RNDP02,1.5,6,0.09,0.015,,,,
XR4999XEA,XR4999XEA,,,,EME,,EME025,4.10*3.10,1,0.25,0.25,3.942,4.48,5.242,7.437
XR4999XEA,XR4999XEA,,,,RND,,RNDP09,2.4,2,0.12,0.06,,,,
XR4999XEA,XR4999XEA,,,,RND,,RNDM02,1,22,0.11,0.005,,,,
XR4999XEA,XR4999XEA,,,,RND,,RNDM02,1.1,14,0.08,0.006,,,,
XR4999XEA,XR4999XEA,,,,RND,,RND000,0.8,8,0.02,0.003,,,,
XR4999XEA,XR4999XEA,,,,RND,,RND000,0.9,4,0.02,0.004,,,,
XR4999XEA,XR4999XEA,,,,RND,,RNDM02,1,2,0.01,0.005,,,,
XR5069G,XR5069G,,,,RND,,RNDP02,1.4,4,0.05,0.013,5.658,6.43,7.523,10.674
XR5069G,XR5069G,,,,RND,,RNDP02,1.3,34,0.34,0.01,,,,
XR5069G,XR5069G,,,,RND,,RNDP05,1.6,8,0.14,0.017,,,,
XR5069G,XR5069G,,,,RND,,RNDM02,1.2,12,0.09,0.008,,,,
XR5069G,XR5069G,,,,RND,,RNDP02,1.3,8,0.08,0.01,,,,
XR5069G,XR5069G,,,,RND,,RNDM02,1.2,8,0.06,0.008,,,,
XR5161LE,XR5161LE,,,,RND,SM,RND150,7,1,1.5,1.5,4.321,4.91,5.745,8.151
XR5161LE,XR5161LE,,,,RND,,RND011,2.8,4,0.32,0.08,,,,
XR5161LE,XR5161LE,,,,RND,,RNDP02,1.4,24,0.3,0.013,,,,
XR5161LE,XR5161LE,,,,RND,,RNDP02,1.4,12,0.15,0.013,,,,
XR5168KE,XR5168KE,,,,RND,SM,RND100,6.25,1,1,1,3.634,4.13,4.832,6.856
XR5168KE,XR5168KE,,,,RND,,RNDP08,2.2,12,0.54,0.045,,,,
XR5168KE,XR5168KE,,,,RND,,RND011,2.8,2,0.16,0.08,,,,
XR5168KE,XR5168KE,,,,RND,,RNDP08,2.1,4,0.16,0.04,,,,
XR5168KE,XR5168KE,,,,RND,,RNDP06,2,4,0.14,0.035,,,,
XR5286AG,XR5286AG,,,,BAG,,BAG350,3.40*1.70,2,0.13,0.065,6.776,7.7,9.009,12.782
XR5323SE,XR5323SE,,,,OVL,SM,OVL080,7.50*5.50,1,1,1,1.61,1.83,2.141,3.038
XR5323SE,XR5323SE,,,,RND,,RNDP02,1.5,22,0.33,0.015,,,,
XR5415SE,XR5415SE,,,,RND,SM,RND100,6.25,1,1,1,3.054,3.47,4.06,5.76
XR5415SE,XR5415SE,,,,RND,,RNDP02,1.3,24,0.24,0.01,,,,
XR5415SE,XR5415SE,,,,RND,,RNDP02,1.4,12,0.15,0.013,,,,
XR5468F,XR5468F,,,,RND,,RNDP02,1.4,42,0.53,0.013,6.662,7.57,8.857,12.566
XR5564S,XR5564S,,,,BAG,,BAG150,1.80*0.80,30,0.3,0.01,6.494,7.38,8.635,12.251
XR5564S,XR5564S,,,,RND,,RNDP02,1.3,67,0.67,0.01,,,,
XR5564S,XR5564S,,,,BAG,,BAG150,1.70*0.70,11,0.1,0.009,,,,
XR5564S,XR5564S,,,,BAG,,BAG150,1.60*0.80,12,0.1,0.008,,,,
XR5564S,XR5564S,,,,RND,,RNDM02,1.2,12,0.09,0.008,,,,
XR5643JE,XR5643JE,,,,RND,SM,RND100,6.25,1,1,1,3.221,3.66,4.282,6.076
XR5643JE,XR5643JE,,,,RND,,RNDP09,2.4,2,0.12,0.06,,,,
XR5643JE,XR5643JE,,,,RND,,RNDP08,2.2,2,0.09,0.045,,,,
XR5643JE,XR5643JE,,,,RND,,RNDM02,1,14,0.07,0.005,,,,
XR5643JE,XR5643JE,,,,RND,,RNDP06,2,2,0.07,0.035,,,,
XR5643JE,XR5643JE,,,,RND,,RNDP06,1.9,2,0.06,0.03,,,,
XR5643JE,XR5643JE,,,,RND,,RND000,0.8,14,0.04,0.003,,,,
XR5643JE,XR5643JE,,,,RND,,RNDP05,1.7,2,0.04,0.02,,,,
XR5929BG,XR5929BG,,,,RND,,RNDP05,1.6,6,0.1,0.017,4.884,5.55,6.494,9.213
XR5929BG,XR5929BG,,,,RND,,RNDP02,1.5,4,0.06,0.015,,,,
XR6230C,XR6230C,,,,BAG,,BAG250,2.50*1.30,1,0.03,0.027,0.836,0.95,1.112,1.577
XR6230C,XR6230C,,,,RND,,RNDP02,1.3,18,0.18,0.01,,,,
XR6230CA,XR6230CA,,,,BAG,,BAG250,2.50*1.30,1,0.03,0.027,1.223,1.39,1.626,2.307
XR6230CA,XR6230CA,,,,RND,,RNDP02,1.3,18,0.18,0.01,,,,
XR6241A,XR6241A,,,,BAG,,BAG250,2.50*1.30,3,0.08,0.027,1.109,1.26,1.474,2.092
XR6241AA,XR6241AA,,,,BAG,,BAG300,2.90*1.50,3,0.11,0.036,1.443,1.64,1.919,2.722
XR6782J,XR6782J,,,,EME,,EME020,3.80*2.80,5,1,0.2,2.869,3.26,3.814,5.412
XR6782J,XR6782J,,,,RND,,RND012,2.9,4,0.36,0.09,,,,
XR6782J,XR6782J,,,,RND,,RND011,2.8,2,0.16,0.08,,,,
XR6782J,XR6782J,,,,RND,,RNDM02,1,1,0.01,0.005,,,,
XR6855LE,XR6855LE,,,,RND,SM,RND150,7,1,1.5,1.5,4.33,4.92,5.756,8.167
XR6855LE,XR6855LE,,,,PSH,,PSH010,3.80*2.50,4,0.4,0.1,,,,
XR6855LE,XR6855LE,,,,PSH,,PSHP07,3.50*2.40,4,0.32,0.08,,,,
XR6855LE,XR6855LE,,,,RND,,RNDP09,2.5,4,0.28,0.07,,,,
XR6855LE,XR6855LE,,,,RND,,RNDP09,2.4,4,0.24,0.06,,,,
XR6874LE,XR6874LE,,,,RND,SM,RND100,6.25,1,1,1,4.849,5.51,6.447,9.147
XR6874LE,XR6874LE,,,,OVL,,OVL010,3.60*2.60,4,0.5,0.125,,,,
XR6874LE,XR6874LE,,,,OVL,,OVL010,3.20*2.30,4,0.4,0.1,,,,
XR6874LE,XR6874LE,,,,OVL,,OVL010,3.20*2.20,2,0.18,0.09,,,,
XR6874LE,XR6874LE,,,,RND,,RNDP02,1.3,8,0.08,0.01,,,,
XR6874LE,XR6874LE,,,,RND,,RNDM02,1.2,8,0.06,0.008,,,,
XR6874LE,XR6874LE,,,,RND,,RNDM02,1.1,8,0.05,0.006,,,,
XR7401J,XR7401J,,,,RND,,RNDP06,2,12,0.42,0.035,4.664,5.3,6.201,8.798
XR7401J,XR7401J,,,,RND,,RNDP08,2.1,12,0.48,0.04,,,,
XR7401J,XR7401J,,,,RND,,RND011,2.8,2,0.16,0.08,,,,
XR7401J,XR7401J,,,,RND,,RNDP09,2.5,2,0.14,0.07,,,,
XR7401J,XR7401J,,,,RND,,RNDP09,2.4,2,0.12,0.06,,,,
XR7401J,XR7401J,,,,BAG,,BAG250,2.60*1.30,2,0.06,0.028,,,,
XR7401J,XR7401J,,,,BAG,,BAG200,2.30*1.20,2,0.05,0.024,,,,
XR7401J,XR7401J,,,,BAG,,BAG250,2.50*1.30,2,0.05,0.027,,,,
XR7401J,XR7401J,,,,BAG,,BAG250,2.80*1.40,1,0.03,0.033,,,,
XR7402J,XR7402J,,,,RND,,RND020,3.65,5,1,0.2,3.661,4.16,4.867,6.906
XR7402J,XR7402J,,,,RND,,RNDP02,1.3,40,0.4,0.01,,,,
XR7402J,XR7402J,,,,RND,,RNDP02,1.4,8,0.1,0.013,,,,
XR7427H,XR7427H,,,,RND,,RNDP08,2.2,10,0.45,0.045,4.277,4.86,5.686,8.068
XR7427H,XR7427H,,,,RND,,RNDP08,2.1,8,0.32,0.04,,,,
XR7427H,XR7427H,,,,RND,,RNDP02,1.5,16,0.24,0.015,,,,
XR7429G,XR7429G,,,,RND,,RNDP02,1.4,20,0.25,0.013,4.215,4.79,5.604,7.951
XR7429G,XR7429G,,,,RND,,RNDP06,2,10,0.35,0.035,,,,
XR7429G,XR7429G,,,,RND,,RNDP02,1.5,10,0.15,0.015,,,,
XR7477J,XR7477J,,,,RND,,RNDP02,1.3,46,0.46,0.01,5.553,6.31,7.383,10.475
XR7477J,XR7477J,,,,BAG,,BAG300,3.30*1.70,18,1.08,0.06,,,,
XR7661E,XR7661E,,,,RND,,RNDP02,1.4,6,0.08,0.013,4.831,5.49,6.423,9.113
XR7661E,XR7661E,,,,RND,,RNDP05,1.6,4,0.07,0.017,,,,
XR7661E,XR7661E,,,,RND,,RNDP02,1.5,4,0.06,0.015,,,,
XR7661E,XR7661E,,,,RND,,RNDP05,1.7,2,0.04,0.02,,,,
XR7661E,XR7661E,,,,RND,,RNDP02,1.3,4,0.04,0.01,,,,
XR7661E,XR7661E,,,,RND,,RNDP05,1.6,2,0.03,0.017,,,,
XR7661E,XR7661E,,,,RND,,RNDP02,1.3,2,0.02,0.01,,,,
XR7943HE,XR7943HE,,,,PSH,SM,PSH050,6.80*4.50,1,0.5,0.5,2.499,2.84,3.323,4.714
XR7943HE,XR7943HE,,,,PRN,SM,PRN050,4.20*4.20,1,0.5,0.5,,,,
XR7944GE,XR7944GE,,,,RND,SM,RND050,4.9,1,0.5,0.5,2.552,2.9,3.393,4.814
XR7944GE,XR7944GE,,,,PSH,,PSH030,5.70*3.70,1,0.33,0.33,,,,
XR7945HE,XR7945HE,,,,RND,,RND030,4.25,1,0.33,0.33,2.218,2.52,2.948,4.183
XR7945HE,XR7945HE,,,,PRN,SM,PRN070,4.80*4.80,1,0.75,0.75,,,,
XR7946SE,XR7946SE,,,,RND,SM,RND070,5.55,1,0.75,0.75,2.552,2.9,3.393,4.814
XR7946SE,XR7946SE,,,,PRN,SM,PRN050,4.20*4.20,1,0.5,0.5,,,,
XR7947SE,XR7947SE,,,,PSH,SM,PSH050,6.80*4.50,1,0.52,0.52,2.552,2.9,3.393,4.814
XR7947SE,XR7947SE,,,,RND,SM,RND070,5.55,1,0.75,0.75,,,,
XR7948HE,XR7948HE,,,,,,,,,,,2.332,2.65,3.101,4.399
XR7948HE,XR7948HE,,,,PSH,SM,PSH050,6.80*4.50,1,0.5,0.5,,,,
XR7983GE,XR7983GE,,,,EME,SM,EME050,5.30*4.10,1,0.5,0.5,2.385,2.71,3.171,4.499
XR7983GE,XR7983GE,,,,EME,,EME025,4.10*3.10,1,0.25,0.25,,,,
XR8007FL,XR8007FL,,,,PSH,,PSH010,4.10*2.70,1,0.12,0.12,1.61,1.83,2.141,3.038
XR8007FL,XR8007FL,,,,PSH,,PSH010,3.80*2.50,2,0.2,0.1,,,,
XR8007FL,XR8007FL,,,,RND,,RNDP05,1.6,6,0.1,0.017,,,,
XR8007FL,XR8007FL,,,,RND,,RNDP05,1.7,4,0.08,0.02,,,,
XR8213H,XR8213H,,,,RND,,RND012,2.9,1,0.09,0.09,4.77,5.42,6.341,8.997
XR8213H,XR8213H,,,,RND,,RNDP09,2.5,6,0.42,0.07,,,,
XR8213H,XR8213H,,,,BAG,,BAG200,2.20*1.10,8,0.18,0.022,,,,
XR8213H,XR8213H,,,,RND,,RND011,2.8,2,0.16,0.08,,,,
XR8213H,XR8213H,,,,RND,,RNDM02,1.2,8,0.06,0.008,,,,
XR8213H,XR8213H,,,,BAG,,BAG250,2.40*1.20,2,0.05,0.025,,,,
XR8213H,XR8213H,,,,RND,,RNDM02,1.1,8,0.05,0.006,,,,
XR8213H,XR8213H,,,,RND,,RNDM02,1,4,0.02,0.005,,,,
XR8280S,XR8280S,,,,RND,,RND020,3.65,3,0.6,0.2,4.33,4.92,5.756,8.167
XR8280S,XR8280S,,,,RND,,RNDP05,1.6,12,0.2,0.017,,,,
XR8280S,XR8280S,,,,RND,,RNDP02,1.4,16,0.2,0.013,,,,
XR8280S,XR8280S,,,,RND,,RNDP02,1.3,20,0.2,0.01,,,,
XR8280S,XR8280S,,,,RND,,RNDM02,1.2,8,0.06,0.008,,,,
XR8281K,XR8281K,,,,PSH,,PSH025,5.20*3.40,5,1.3,0.26,3.828,4.35,5.09,7.221
XR8281K,XR8281K,,,,RND,,RNDP02,1.4,45,0.56,0.013,,,,
XR8281K,XR8281K,,,,RND,,RNDP02,1.5,15,0.23,0.015,,,,
XR8303H,XR8303H,,,,RND,,RNDP02,1.4,22,0.28,0.013,4.382,4.98,5.827,8.267
XR8303H,XR8303H,,,,OVL,,OVL020,4.50*3.20,3,0.6,0.2,,,,
XR8303H,XR8303H,,,,RND,,RNDP02,1.5,12,0.18,0.015,,,,
YE0334F,YE0334F,,,,RND,,RNDP02,1.5,34,0.51,0.015,3.846,4.37,5.113,7.254
YE0334H,YE0334H,,,,RND,,RNDP06,1.9,10,0.3,0.03,5.394,6.13,7.172,10.176
YE0334H,YE0334H,,,,RND,,RNDP06,1.8,28,0.7,0.025,,,,
YE0639B,YE0639B,,,,RND,,RNDP06,1.8,6,0.15,0.025,2.543,2.89,3.381,4.797
YE1121H,YE1121H,,,,MQS,,MQSP07,4.20*2.10,2,0.16,0.08,4.928,5.6,6.552,9.296
YE1121H,YE1121H,,,,RND,,RNDP06,1.8,24,0.6,0.025,,,,
YE1121H,YE1121H,,,,MQS,,MQSP07,4.00*2.00,4,0.28,0.07,,,,
YE1810H,YE1810H,,,,RND,,RNDP08,2.1,24,0.98,0.041,1.945,2.21,2.586,3.669
YE2030H,YE2030H,,,,RND,SM,RND050,4.9,2,1,0.5,0.942,1.07,1.252,1.776
YE2559K,YE2559K,,,,RND,,RNDP06,2,44,1.54,0.035,6.618,7.52,8.798,12.483
YE2559K,YE2559K,,,,RND,,RNDP06,1.9,16,0.48,0.03,,,,
YE4266L,YE4266L,,,,RND,SM,RND100,6.5,2,2,1,3.37,3.83,4.481,6.358
YE4266L,YE4266L,,,,RND,,RNDM02,1.2,36,0.27,0.008,,,,
YE4497A,YE4497A,,,,RND,,RNDM02,1,20,0.1,0.005,2.455,2.79,3.264,4.631
YE6197Z,YE6197Z,,,,RND,,RNDP02,1.25,56,0.39,0.007,4.611,5.24,6.131,8.698
YE6209D,YE6209D,,,,RND,,RNDM02,1.05,52,0.26,0.005,3.168,3.6,4.212,5.976
YE6209F,YE6209F,,,,RND,,RNDP02,1.35,36,0.36,0.01,5.104,5.8,6.786,9.628
YE6209F,YE6209F,,,,RND,,RNDP02,1.25,20,0.14,0.007,,,,
YE6501X,YE6501X,,,,OVL,,OVL030,5.50*3.50,2,0.66,0.33,0.836,0.95,1.112,1.577
YE6634M,YE6634M,,,,RND,SM,RND050,4.9,2,1,0.5,2.842,3.23,3.779,5.362
YE6634M,YE6634M,,,,EME,SM,EME100,6.70*5.00,2,2.02,1.01,,,,
YN6627X,YN6627X,,,,RND,,RND011,2.8,1,0.08,0.08,2.49,2.83,3.311,4.698
YN6627X,YN6627X,,,,RND,,RND014,3.5,1,0.16,0.16,,,,
YN6627X,YN6627X,,,,RND,,RND012,3.2,1,0.12,0.12,,,,
YN6627X,YN6627X,,,,RND,,RNDP09,2.5,1,0.07,0.07,,,,
YN6627X,YN6627X,,,,RND,,RNDP08,2.2,1,0.05,0.045,,,,
YN6627X,YN6627X,,,,RND,,RNDP06,1.8,2,0.05,0.025,,,,
YN6627X,YN6627X,,,,RND,,RNDP08,2.1,1,0.04,0.04,,,,
YN6627X,YN6627X,,,,RND,,RNDP06,1.9,1,0.03,0.03,,,,
YN6627X,YN6627X,,,,RND,,RNDP05,1.7,1,0.02,0.02,,,,
YN6627X,YN6627X,,,,RND,,RNDP02,1.55,1,0.02,0.015,,,,
YP3949E,YP3949E,,,,RND,,RNDM02,1.2,12,0.09,0.008,0.792,0.9,1.053,1.494
YP3949E,YP3949E,,,,RND,,RNDP02,1.3,14,0.14,0.01,,,,
YP3949E,YP3949E,,,,RND,,RNDP02,1.4,8,0.1,0.013,,,,
YP4205S,YP4205S,,,,EME,SM,EME100,7.00*5.00,1,1,1,1.593,1.81,2.118,3.005
YP4205S,YP4205S,,,,RND,,RNDM02,1.2,18,0.14,0.008,,,,
YP4205S,YP4205S,,,,RND,,RNDM02,1.1,5,0.03,0.006,,,,
YP4205S,YP4205S,,,,RND,,RNDP02,1.3,1,0.01,0.01,,,,
YP4205S,YP4205S,,,,RND,,RND000,0.8,1,0,0.003,,,,
YP4205S,YP4205S,,,,RND,,RND000,0.9,1,0,0.004,,,,
YP4264S,YP4264S,,,,RND,,RNDM02,1.1,20,0.12,0.006,1.179,1.34,1.568,2.224
YP4264S,YP4264S,,,,OVL,SM,OVL100,7.50*5.50,1,1,1,,,,
YP4264S,YP4264S,,,,RND,,RNDP02,1.3,1,0.01,0.01,,,,
YP4264S,YP4264S,,,,RND,,RND000,0.9,3,0.01,0.004,,,,
YP4264S,YP4264S,,,,RND,,RNDM02,1,2,0.01,0.005,,,,
YP4264S,YP4264S,,,,RND,,RND000,0.8,1,0,0.003,,,,
YP4265S,YP4265S,,,,PSH,CS,PSH100,8.60*5.50,1,,,1.61,1.83,2.141,3.038
YP4265S,YP4265S,,,,RND,,RNDM02,1.2,22,0.17,0.008,,,,
YP4265S,YP4265S,,,,RND,,RND000,0.9,5,0.02,0.004,,,,
YP4265S,YP4265S,,,,RND,,RNDM02,1,4,0.02,0.005,,,,
YP4266S,YP4266S,,,,RND,SM,RND100,6.5,1,1,1,1.408,1.6,1.872,2.656
YP4266S,YP4266S,,,,RND,,RNDM02,1.2,18,0.14,0.008,,,,
YP4266S,YP4266S,,,,RND,,RNDM02,1,1,0.01,0.005,,,,
YP4266S,YP4266S,,,,RND,,RNDM02,1.2,1,0.01,0.008,,,,
YP4266S,YP4266S,,,,RND,,RND000,0.8,1,0,0.003,,,,
YP4491E,YP4491E,,,,RND,,RND011,2.8,4,0.32,0.08,0.44,0.5,0.585,0.83
YP5254C,YP5254C,,,,RND,,RNDP06,1.9,3,0.09,0.03,2.886,3.28,3.838,5.445
YP5254C,YP5254C,,,,RND,,RNDP06,1.8,2,0.05,0.025,,,,
YP5254C,YP5254C,,,,RND,,RNDM02,1.2,2,0.02,0.008,,,,
YP5254C,YP5254C,,,,RND,,RNDP02,1.5,1,0.02,0.015,,,,
YP5254C,YP5254C,,,,RND,,RNDP05,1.6,1,0.02,0.017,,,,
YP5254C,YP5254C,,,,RND,,RNDP05,1.7,1,0.02,0.02,,,,
YP5254C,YP5254C,,,,RND,,RNDP02,1.4,1,0.01,0.013,,,,
ZE10011H,ZE10011H,,,,RND,,RNDP05,1.6,60,1.02,0.017,3.775,4.29,5.019,7.121
ZE10816H,ZE10816H,,,,RND,,RNDP02,1.4,78,1,0.013,4.294,4.88,5.71,8.101
ZE2330L,ZE2330L,,,,RND,,RNDP09,2.3,46,2.3,0.05,6.01,6.83,7.991,11.338
ZE3717S,ZE3717S,,,,RND,,RNDP05,1.7,8,0.18,0.022,1.892,2.15,2.516,3.569
ZE3717S,ZE3717S,,,,PRN,,PRN040,3.90*0.00,2,0.82,0.41,,,,
ZE3717S,ZE3717S,,,,RND,,RNDP05,1.6,16,0.27,0.017,,,,
ZR0291HE,ZR0291HE,,,,OVL,,OVL025,5.00*3.50,1,0.25,0.25,4.717,5.36,6.271,8.898
ZR0291HE,ZR0291HE,,,,RND,,RNDP05,1.7,14,0.28,0.02,,,,
ZR0291HE,ZR0291HE,,,,RND,,RNDM02,1.2,34,0.26,0.008,,,,
ZR0291HE,ZR0291HE,,,,RND,,RNDP02,1.4,6,0.08,0.013,,,,
ZR0291HE,ZR0291HE,,,,RND,,RNDM02,1.1,14,0.08,0.006,,,,
ZR0291HE,ZR0291HE,,,,RND,,RNDP02,1.35,6,0.07,0.012,,,,
ZR0291HE,ZR0291HE,,,,RND,,RNDP05,1.6,2,0.03,0.017,,,,
ZR0297ME,ZR0297ME,,,,RND,SM,RND200,8,1,2,2,6.609,7.51,8.787,12.467
ZR0297ME,ZR0297ME,,,,RND,,RNDP06,2,12,0.42,0.035,,,,
ZR0297ME,ZR0297ME,,,,RND,,RNDP09,2.3,4,0.2,0.05,,,,
ZR0297ME,ZR0297ME,,,,RND,,RNDP08,2.2,4,0.18,0.045,,,,
ZR0297ME,ZR0297ME,,,,RND,,RNDP06,1.9,4,0.12,0.03,,,,
ZR0297ME,ZR0297ME,,,,RND,,RNDP08,2.1,2,0.08,0.04,,,,
ZR0857GLB,ZR0857GLB,,,,RND,,RNDP08,2.1,4,0.16,0.04,4.277,4.86,5.686,8.068
ZR0857GLB,ZR0857GLB,,,,RND,,RNDP09,2.3,6,0.3,0.05,,,,
ZR0857GLB,ZR0857GLB,,,,RND,,RNDP08,2.2,4,0.18,0.045,,,,
ZR0857GLB,ZR0857GLB,,,,RND,,RNDP06,1.9,4,0.12,0.03,,,,
ZR1074F,ZR1074F,,,,RND,,RNDM02,1,20,0.1,0.005,2.112,2.4,2.808,3.984
ZR1074F,ZR1074F,,,,EME,,EME010,3.00*2.10,3,0.3,0.1,,,,
ZR1074F,ZR1074F,,,,RND,,RNDM02,1.1,16,0.1,0.006,,,,
ZR10819SA,ZR10819SA,,,,RND,,RNDP05,1.7,12,0.23,0.019,3.054,3.47,4.06,5.76
ZR10819SA,ZR10819SA,,,,TRN,,TRN015,3.50*0.00,7,1.12,0.16,,,,
ZR10820S,ZR10820S,,,,RND,,RNDP05,1.7,8,0.15,0.019,3.001,3.41,3.99,5.661
ZR10820S,ZR10820S,,,,TRN,,TRN015,3.50*0.00,5,0.8,0.16,,,,
ZR10820S,ZR10820S,,,,BAG,,BAG300,3.20*1.60,4,0.2,0.05,,,,
ZR1565GE,ZR1565GE,,,,RND,SM,RND050,4.9,1,0.5,0.5,2.983,3.39,3.966,5.627
ZR1565GE,ZR1565GE,,,,RND,,RNDM02,1.1,24,0.14,0.006,,,,
ZR1565GE,ZR1565GE,,,,RND,,RNDM02,1,16,0.08,0.005,,,,
ZR1565GE,ZR1565GE,,,,RND,,RNDM02,1,4,0.02,0.005,,,,
ZR1565GE,ZR1565GE,,,,RND,,RNDM02,1.1,4,0.02,0.006,,,,
ZR1600JL2,ZR1600JL2,,,,RND,,RNDP05,1.6,19,0.36,0.019,1.663,1.89,2.211,3.137
ZR1684GE,ZR1684GE,,,,PRN,CS,PRNP07,1.80*1.80,4,0.16,0.04,3.942,4.48,5.242,7.437
ZR1684GE,ZR1684GE,,,,RND,,RNDP02,1.4,18,0.2,0.011,,,,
ZR1684GE,ZR1684GE,,,,RND,,RNDP02,1.4,6,0.07,0.011,,,,
ZR1684GE,ZR1684GE,,,,BAG,,BAG250,2.60*1.30,2,0.06,0.028,,,,
ZR1684GE,ZR1684GE,,,,RND,,RNDP02,1.5,4,0.06,0.015,,,,
ZR1684GE,ZR1684GE,,,,RND,,RNDP02,1.5,4,0.06,0.015,,,,
ZR1684GE,ZR1684GE,,,,RND,,RNDP02,1.3,4,0.04,0.01,,,,
ZR1684GE,ZR1684GE,,,,RND,,RNDP05,1.7,2,0.04,0.019,,,,
ZR1684GE,ZR1684GE,,,,RND,,RNDP05,1.6,2,0.03,0.017,,,,
ZR1684GE,ZR1684GE,,,,RND,,RNDP02,1.4,2,0.02,0.011,,,,
ZR1684GE,ZR1684GE,,,,RND,,RNDP02,1.3,2,0.02,0.01,,,,
ZR1800H,ZR1800H,,,,MQS,,MQS020,5.50*2.80,2,0.4,0.2,3.054,3.47,4.06,5.76
ZR1800H,ZR1800H,,,,MQS,,MQS025,6.00*3.00,1,0.26,0.26,,,,
ZR1800H,ZR1800H,,,,MQS,,MQS010,4.50*2.30,2,0.2,0.1,,,,
ZR1800H,ZR1800H,,,,MQS,,MQSP07,4.00*2.00,2,0.16,0.08,,,,
ZR1853JE,ZR1853JE,,,,MQS,SM,MQS050,8.50*4.00,1,0.52,0.52,3.828,4.35,5.09,7.221
ZR1853JE,ZR1853JE,,,,RND,,RND012,2.9,2,0.18,0.09,,,,
ZR1853JE,ZR1853JE,,,,RND,,RNDM02,1.2,20,0.15,0.008,,,,
ZR1853JE,ZR1853JE,,,,RND,,RNDP02,1.3,12,0.12,0.01,,,,
ZR1853JE,ZR1853JE,,,,RND,,RNDP09,2.4,2,0.12,0.06,,,,
ZR1853JE,ZR1853JE,,,,RND,,RNDP06,2,2,0.07,0.035,,,,
ZR1853JE,ZR1853JE,,,,RND,,RNDM02,1.2,6,0.05,0.008,,,,
ZR1853JE,ZR1853JE,,,,RND,,RNDM02,1.1,8,0.05,0.006,,,,
ZR1853JE,ZR1853JE,,,,RND,,RNDP06,1.8,2,0.05,0.025,,,,
ZR1853JE,ZR1853JE,,,,RND,,RNDP02,1.3,2,0.02,0.01,,,,
ZR1853JE,ZR1853JE,,,,RND,,RNDP02,1.3,1,0.01,0.01,,,,
ZR2091SE,ZR2091SE,,,,MQS,,MQS030,6.50*3.30,1,0.33,0.33,5.826,6.62,7.745,10.989
ZR2091SE,ZR2091SE,,,,BAG,,BAG200,2.10*1.10,18,0.32,0.018,,,,
ZR2091SE,ZR2091SE,,,,RND,,RNDP02,1.5,14,0.21,0.015,,,,
ZR2091SE,ZR2091SE,,,,RND,,RNDM02,1.1,32,0.19,0.006,,,,
ZR2091SE,ZR2091SE,,,,RND,,RNDM02,1.2,16,0.12,0.008,,,,
ZR2091SE,ZR2091SE,,,,RND,,RNDP02,1.4,6,0.08,0.013,,,,
ZR2092SE,ZR2092SE,,,,EME,,EME030,4.90*3.30,1,0.33,0.33,5.993,6.81,7.968,11.305
ZR2092SE,ZR2092SE,,,,BAG,,BAG200,2.10*1.10,18,0.32,0.018,,,,
ZR2092SE,ZR2092SE,,,,RND,,RNDP02,1.5,16,0.24,0.015,,,,
ZR2092SE,ZR2092SE,,,,RND,,RNDM02,1.1,32,0.19,0.006,,,,
ZR2092SE,ZR2092SE,,,,RND,,RNDM02,1.2,12,0.09,0.008,,,,
ZR2092SE,ZR2092SE,,,,RND,,RNDP02,1.4,4,0.05,0.013,,,,
ZR2092SE,ZR2092SE,,,,RND,,RNDP02,1.3,4,0.04,0.01,,,,
ZR2113HE,ZR2113HE,,,,RND,,RNDP05,1.6,2,0.04,0.019,2.666,3.03,3.545,5.03
ZR2113HE,ZR2113HE,,,,RND,,RNDP02,1.5,16,0.24,0.015,,,,
ZR2113HE,ZR2113HE,,,,RND,,RND012,3,1,0.11,0.11,,,,
ZR2113HE,ZR2113HE,,,,RND,,RNDM02,1.1,16,0.09,0.006,,,,
ZR2113HE,ZR2113HE,,,,RND,,RNDP08,2.1,2,0.08,0.041,,,,
ZR2113HE,ZR2113HE,,,,RND,,RNDM02,1.2,6,0.05,0.008,,,,
ZR2113HE,ZR2113HE,,,,RND,,RNDP06,1.8,2,0.05,0.026,,,,
ZR2113HE,ZR2113HE,,,,RND,,RNDP06,2,1,0.04,0.035,,,,
ZR2113HE,ZR2113HE,,,,RND,,RNDP06,1.9,1,0.03,0.03,,,,
ZR2113HE,ZR2113HE,,,,RND,,RNDM02,1.1,2,0.01,0.006,,,,
ZR3012EL,ZR3012EL,,,,RND,,RND000,0.9,3,0.01,0.004,2.358,2.68,3.136,4.449
ZR3012EL,ZR3012EL,,,,RND,,RNDM02,1.2,10,0.08,0.008,,,,
ZR3012EL,ZR3012EL,,,,MQS,,MQSM07,3.00*1.50,2,0.06,0.03,,,,
ZR3012EL,ZR3012EL,,,,RND,,RNDP06,1.9,2,0.06,0.03,,,,
ZR3012EL,ZR3012EL,,,,RND,,RNDP08,2.2,1,0.05,0.045,,,,
ZR3012EL,ZR3012EL,,,,RND,,RNDM02,1,4,0.02,0.005,,,,
ZR3012EL,ZR3012EL,,,,RND,,RNDM02,1.1,4,0.02,0.006,,,,
ZR3096EL,ZR3096EL,,,,RND,,RNDP06,1.9,4,0.12,0.03,2.2,2.5,2.925,4.15
ZR3096EL,ZR3096EL,,,,RND,,RNDP06,2,4,0.14,0.035,,,,
ZR3096EL,ZR3096EL,,,,RND,,RNDP08,2.2,1,0.05,0.045,,,,
ZR3096EL,ZR3096EL,,,,RND,,RNDP09,2.3,1,0.05,0.05,,,,
ZR3315M,ZR3315M,,,,RND,SM,RND200,8.2,1,2,2,3.661,4.16,4.867,6.906
ZR3315M,ZR3315M,,,,MQS,,MQS015,5.00*2.50,4,0.6,0.15,,,,
ZR3315M,ZR3315M,,,,MQS,,MQS010,4.70*2.40,4,0.48,0.12,,,,
ZR3315UE,ZR3315UE,,,,RND,SM,RND200,8.2,1,2,2,3.661,4.16,4.867,6.906
ZR3315UE,ZR3315UE,,,,MQS,,MQS015,5.00*2.50,4,0.6,0.15,,,,
ZR3315UE,ZR3315UE,,,,MQS,,MQS010,4.70*2.40,4,0.48,0.12,,,,
ZR3315UE,ZR3315UE,,,,RND,,RNDP05,1.6,10,0.17,0.017,,,,
ZR3325SE,ZR3325SE,,,,RND,SM,RND100,6.25,1,1,1,2.746,3.12,3.65,5.179
ZR3325SE,ZR3325SE,,,,RND,,RNDM02,1,20,0.1,0.005,,,,
ZR3325SE,ZR3325SE,,,,RND,,RNDP02,1.3,4,0.04,0.01,,,,
ZR3325SE,ZR3325SE,,,,RND,,RNDP05,1.6,2,0.03,0.017,,,,
ZR3325SE,ZR3325SE,,,,RND,,RNDP02,1.5,2,0.03,0.015,,,,
ZR3325SE,ZR3325SE,,,,RND,,RNDP02,1.4,2,0.03,0.013,,,,
ZR3325SE,ZR3325SE,,,,RND,,RND000,0.9,4,0.02,0.004,,,,
ZR3373YE,ZR3373YE,,,,RND,SM,RND150,7.5,1,1.5,1.5,4.55,5.17,6.049,8.582
ZR3373YE,ZR3373YE,,,,RND,,RNDM02,1.2,40,0.28,0.007,,,,
ZR3423LE,ZR3423LE,,,,RND,SM,RND150,7.5,1,1.5,1.5,3.054,3.47,4.06,5.76
ZR3423LE,ZR3423LE,,,,OVL,,OVL025,5.00*3.50,2,0.5,0.25,,,,
ZR3423LE,ZR3423LE,,,,RND,,RNDP08,2.1,2,0.08,0.04,,,,
ZR3423LE,ZR3423LE,,,,RND,,RNDP06,1.9,2,0.06,0.03,,,,
ZR3423LE,ZR3423LE,,,,RND,,RNDP02,1.4,2,0.03,0.013,,,,
ZR3423LE,ZR3423LE,,,,RND,,RNDP02,1.5,2,0.03,0.015,,,,
ZR3423LE,ZR3423LE,,,,RND,,RNDP05,1.6,2,0.03,0.017,,,,
ZR3423LE,ZR3423LE,,,,RND,,RNDP02,1.3,2,0.02,0.01,,,,
ZR3424YE,ZR3424YE,,,,RND,SM,RND100,6.5,1,1,1,2.218,2.52,2.948,4.183
ZR3424YE,ZR3424YE,,,,RND,,RNDP05,1.7,8,0.16,0.02,,,,
ZR3424YE,ZR3424YE,,,,BAG,,BAG200,2.30*1.20,6,0.14,0.023,,,,
ZR3424YL,ZR3424YL,,,,BAG,,BAG250,2.40*1.20,7,0.17,0.024,1.83,2.08,2.434,3.453
ZR3424YL,ZR3424YL,,,,RND,,RNDP05,1.7,8,0.16,0.02,,,,
ZR3425SE,ZR3425SE,,,,RND,SM,RND100,6.5,1,1,1,2.165,2.46,2.878,4.084
ZR3425SE,ZR3425SE,,,,RND,,RNDM02,1.2,10,0.08,0.008,,,,
ZR3425SE,ZR3425SE,,,,BAG,,BAG250,2.50*1.30,2,0.05,0.027,,,,
ZR3425SL,ZR3425SL,,,,RND,,RNDM02,1.2,10,0.08,0.008,1.443,1.64,1.919,2.722
ZR3425SL,ZR3425SL,,,,BAG,,BAG200,2.30*1.20,3,0.07,0.023,,,,
ZR3558D,ZR3558D,,,,RND,,RNDM02,1.2,33,0.25,0.008,5.606,6.37,7.453,10.574
ZR3559F,ZR3559F,,,,RND,,RNDP02,1.3,10,0.1,0.01,5.438,6.18,7.231,10.259
ZR3559F,ZR3559F,,,,RND,,RNDP02,1.4,26,0.33,0.013,,,,
ZR3559F,ZR3559F,,,,RND,,RNDP05,1.6,4,0.07,0.017,,,,
ZR3559F,ZR3559F,,,,RND,,RNDP02,1.3,3,0.03,0.01,,,,
ZR3562F,ZR3562F,,,,RND,,RNDP02,1.5,15,0.23,0.015,4.611,5.24,6.131,8.698
ZR3562F,ZR3562F,,,,RND,,RNDP05,1.6,18,0.31,0.017,,,,
ZR3773GE,ZR3773GE,,,,RND,,RND030,4.25,1,0.33,0.33,3.326,3.78,4.423,6.275
ZR3773GE,ZR3773GE,,,,RND,,RNDP05,1.6,8,0.14,0.017,,,,
ZR3773GE,ZR3773GE,,,,RND,,RNDP08,2.1,2,0.08,0.04,,,,
ZR3773GE,ZR3773GE,,,,RND,,RNDP02,1.4,2,0.03,0.013,,,,
ZR3773GE,ZR3773GE,,,,RND,,RNDP02,1.5,2,0.03,0.015,,,,
ZR3773GL,ZR3773GL,,,,RND,,RNDM02,1.2,4,0.03,0.008,2.552,2.9,3.393,4.814
ZR3773GL,ZR3773GL,,,,RND,,RNDP02,1.3,12,0.12,0.01,,,,
ZR4026LE,ZR4026LE,,,,OVL,SM,OVL150,9.30*6.50,1,1.5,1.5,3.106,3.53,4.13,5.86
ZR4026LE,ZR4026LE,,,,RND,,RND012,2.9,4,0.36,0.09,,,,
ZR4026LE,ZR4026LE,,,,RND,,RND011,2.8,2,0.16,0.08,,,,
ZR5043X,ZR5043X,,,,BAG,,BAG300,3.10*1.60,14,0.63,0.045,2.605,2.96,3.463,4.914
ZR5450XE,ZR5450XE,,,,PSH,,PSH010,3.80*2.50,2,0.2,0.1,2.279,2.59,3.03,4.299
ZR5450XE,ZR5450XE,,,,RND,,RND030,4.25,1,0.33,0.33,,,,
ZR5450XE,ZR5450XE,,,,RND,,RNDP06,2,2,0.07,0.035,,,,
ZR5450XE,ZR5450XE,,,,RND,,RNDP02,1.4,2,0.03,0.013,,,,
ZR5455FE,ZR5455FE,,,,RND,,RND040,4.5,1,0.4,0.4,2.165,2.46,2.878,4.084
ZR5455FE,ZR5455FE,,,,MQS,,MQSM07,3.00*1.50,2,0.06,0.03,,,,
ZR5455FE,ZR5455FE,,,,RND,,RNDP02,1.4,4,0.05,0.013,,,,
ZR6022HE,ZR6022HE,,,,RND,SM,RND070,5.8,1,0.75,0.75,2.666,3.03,3.545,5.03
ZR6022HE,ZR6022HE,,,,PSH,,PSH010,4.10*2.70,2,0.24,0.12,,,,
ZR6030XE,ZR6030XE,,,,OVL,,OVL040,5.80*4.00,1,0.4,0.4,2.464,2.8,3.276,4.648
ZR6030XE,ZR6030XE,,,,OVL,,OVL010,3.20*2.30,2,0.2,0.1,,,,
ZR6030XE,ZR6030XE,,,,RND,,RNDP02,1.3,4,0.04,0.01,,,,
ZR6041HE,ZR6041HE,,,,RND,SM,RND070,5.8,1,0.75,0.75,2.332,2.65,3.101,4.399
ZR6041HE,ZR6041HE,,,,RND,,RND011,2.8,2,0.16,0.08,,,,
ZR6041HE,ZR6041HE,,,,MQS,,MQSM07,3.00*1.50,2,0.06,0.03,,,,
ZR6041HE,ZR6041HE,,,,RND,,RNDP02,1.4,2,0.03,0.013,,,,
ZR6042XE,ZR6042XE,,,,PRN,SM,PRN050,4.40*4.40,1,0.5,0.5,2.552,2.9,3.393,4.814
ZR6042XE,ZR6042XE,,,,MQS,,MQSM07,3.00*1.50,4,0.12,0.03,,,,
ZR6240EL,ZR6240EL,,,,RND,,RNDP09,2.3,2,0.1,0.05,2.385,2.71,3.171,4.499
ZR6240EL,ZR6240EL,,,,RND,,RNDP06,2,2,0.07,0.035,,,,
ZR6240EL,ZR6240EL,,,,RND,,RNDP02,1.5,4,0.06,0.015,,,,
ZR6240EL,ZR6240EL,,,,RND,,RNDP09,2.4,1,0.06,0.06,,,,
ZR6240EL,ZR6240EL,,,,RND,,RNDP06,1.8,2,0.05,0.025,,,,
ZR6242EL,ZR6242EL,,,,RND,,RNDP08,2.1,2,0.08,0.04,2.666,3.03,3.545,5.03
ZR6242EL,ZR6242EL,,,,RND,,RNDP09,2.5,2,0.14,0.07,,,,
ZR6242EL,ZR6242EL,,,,RND,,RND012,3.2,1,0.12,0.12,,,,
ZR7165PE,ZR7165PE,,,,RND,SM,RND200,8.2,1,2,2,6.213,7.06,8.26,11.72
ZR7165PE,ZR7165PE,,,,PRN,,PRN010,2.60*2.60,10,1.1,0.11,,,,
ZR7165PE,ZR7165PE,,,,RND,,RNDM02,1.2,36,0.27,0.008,,,,
ZR7165PE,ZR7165PE,,,,RND,,RNDP02,1.3,8,0.08,0.01,,,,
ZR7165PE,ZR7165PE,,,,RND,,RNDM02,1.2,4,0.03,0.008,,,,
ZR7165PL,ZR7165PL,,,,RND,,RNDM02,1,8,0.04,0.005,4.444,5.05,5.909,8.383
ZR7165PL,ZR7165PL,,,,PRN,,PRN010,2.60*2.60,11,1.21,0.11,,,,
ZR7165PL,ZR7165PL,,,,RND,,RNDM02,1.2,36,0.27,0.008,,,,
ZR8041CL,ZR8041CL,,,,RND,,RNDP06,1.8,8,0.2,0.025,1.496,1.7,1.989,2.822
ZR8333A,ZR8333A,,,,RND,,RNDP09,2.4,2,0.12,0.06,2.666,3.03,3.545,5.03
ZR8738N,ZR8738N,,,,EME,,EME020,3.80*2.80,22,3.96,0.18,2.552,2.9,3.393,4.814
ZR9460LE,ZR9460LE,,,,RND,,RND014,3.3,4,0.52,0.13,3.001,3.41,3.99,5.661
ZR9460LE,ZR9460LE,,,,RND,SM,RND150,7.5,1,1.5,1.5,,,,
ZR9460LE,ZR9460LE,,,,RND,,RND012,3.2,4,0.48,0.12,,,,
ZR9933B,ZR9933B,,,,RND,,RNDP02,1.5,2,0.03,0.015,2.834,3.22,3.767,5.345
ZR9933B,ZR9933B,,,,RND,,RNDP06,2,2,0.07,0.035,,,,
ZR9933B,ZR9933B,,,,BAG,,BAG250,2.70*1.40,2,0.06,0.032,,,,