StyleCode,Title,Description,Type,SubType,Collection,MetalColor,Variant1,Variant2,Variant3,Variant4,Variant5,Static_Variant1,Static_Variant2,Variant1_Option,Variant2_Option,Variant3_Option,Variant4_Option,Variant5_Option,Static_Variant1_Option,Static_Variant2_Option,SKU_Format,Image_Folder
R0200,Solitaire Diamond Ring,A classic solitaire diamond ring with a delicate band.,Ring,Engagement,Programs,WG,MTL,DIA,CTTW,,,RNGSZ,,14WG,23,0025,,,530,,StyleCode-Variant3-Variant1Variant2-Static_Variant1,https://diamantra.s3.dualstack.us-east-2.amazonaws.com/jewelry/R0200/
R0201,Matching Band,A classic shared prong band.,Ring,Bands,Programs,WG,MTL,DIA,CTTW,,,RNGSZ,,14WG,23,0025,,,530,,StyleCode-Variant3-Variant1Variant2-Static_Variant1,https://diamantra.s3.dualstack.us-east-2.amazonaws.com/jewelry/R0201/
A2030,,,Armband,,Aurum,YG,MTL,DIA,,,,,,14YG,23,,,,,,StyleCode-Variant1Variant2,https://diamantra.s3.dualstack.us-east-2.amazonaws.com/jewelry/A2030/
A2031,,,Armband,,Terra,YG,MTL,DIA,,,,,,14YG,23,,,,,,StyleCode-Variant1Variant2,https://diamantra.s3.dualstack.us-east-2.amazonaws.com/jewelry/A2031/
A2032,,,Armband,,Terra,YG,MTL,DIA,,,,,,14YG,23,,,,,,StyleCode-Variant1Variant2,https://diamantra.s3.dualstack.us-east-2.amazonaws.com/jewelry/A2032/
B0100,,,Armband,,Six Fold,YG,MTL,DIA,,,,,,14YG,LG,,,,,,StyleCode-Variant1Variant2,https://diamantra.s3.dualstack.us-east-2.amazonaws.com/jewelry/B0100/
B1000,,,Bracelet,,Tennis Bracelets,WG,MTL,DIA,CTTW,,,BRCSZ,,14WG,23,0200,,,180,,StyleCode-Variant3-Variant1Variant2-Static_Variant1,https://diamantra.s3.dualstack.us-east-2.amazonaws.com/jewelry/B1000/
B1001,,,Bracelet,,Tennis Bracelets,WG,MTL,DIA,CTTW,,,BRCSZ,,18WG,16,0250,,,180,,StyleCode-Variant3-Variant1Variant2-Static_Variant1,https://diamantra.s3.dualstack.us-east-2.amazonaws.com/jewelry/B1001/
B1002,,,Bracelet,,Tennis Bracelets,WG,MTL,DIA,CTTW,,,BRCSZ,,18WG,16,0100,,,180,,StyleCode-Variant3-Variant1Variant2-Static_Variant1,https://diamantra.s3.dualstack.us-east-2.amazonaws.com/jewelry/B1002/
B2011,,,Bracelet,,Tennis Bracelets,WG,MTL,DIA,CTTW,,,BRCSZ,,14WG,23,0700,,,180,,StyleCode-Variant3-Variant1Variant2-Static_Variant1,https://diamantra.s3.dualstack.us-east-2.amazonaws.com/jewelry/B2011/
B2012,,,Bracelet,,Tennis Bracelets,WG,MTL,DIA,CTTW,,,BRCSZ,,14WG,23,0200,,,180,,StyleCode-Variant3-Variant1Variant2-Static_Variant1,https://diamantra.s3.dualstack.us-east-2.amazonaws.com/jewelry/B2012/
B2013,,,Bracelet,,Tennis Bracelets,WG,MTL,DIA,CTTW,,,BRCSZ,,14WG,23,0100,,,180,,StyleCode-Variant3-Variant1Variant2-Static_Variant1,https://diamantra.s3.dualstack.us-east-2.amazonaws.com/jewelry/B2013/
B2014,,,Bracelet,,Tennis Bracelets,WG,MTL,DIA,CTTW,,,BRCSZ,,14WG,23,0200,,,180,,StyleCode-Variant3-Variant1Variant2-Static_Variant1,https://diamantra.s3.dualstack.us-east-2.amazonaws.com/jewelry/B2014/
B2015,,,Bracelet,,Tennis Bracelets,WG,MTL,DIA,CTTW,,,BRCSZ,,14WG,23,0100,,,180,,StyleCode-Variant3-Variant1Variant2-Static_Variant1,https://diamantra.s3.dualstack.us-east-2.amazonaws.com/jewelry/B2015/
B2016,,,Bracelet,,Tennis Bracelets,WG,MTL,DIA,CTTW,,,BRCSZ,,14WG,23,0100,,,180,,StyleCode-Variant3-Variant1Variant2-Static_Variant1,https://diamantra.s3.dualstack.us-east-2.amazonaws.com/jewelry/B2016/
B2017,,,Bracelet,,Tennis Bracelets,WG,MTL,DIA,CTTW,,,BRCSZ,,14WG,23,0700,,,180,,StyleCode-Variant3-Variant1Variant2-Static_Variant1,https://diamantra.s3.dualstack.us-east-2.amazonaws.com/jewelry/B2017/
B2018,,,Bracelet,,Tennis Bracelets,WG,MTL,DIA,CTTW,,,BRCSZ,,14WG,23,0700,,,180,,StyleCode-Variant3-Variant1Variant2-Static_Variant1,https://diamantra.s3.dualstack.us-east-2.amazonaws.com/jewelry/B2018/
C0003,,,Charms,,Charms,YG,MTL,DIA,,,,,,14YG,23,,,,,,StyleCode-Variant1Variant2,https://diamantra.s3.dualstack.us-east-2.amazonaws.com/jewelry/C0003/
C0005,,,Charms,,Charms,YG,MTL,DIA,,,,,,14YG,23,,,,,,StyleCode-Variant1Variant2,https://diamantra.s3.dualstack.us-east-2.amazonaws.com/jewelry/C0005/
C0007,,,Charms,,Charms,YG,MTL,DIA,,,,,,14YG,23,,,,,,StyleCode-Variant1Variant2,https://diamantra.s3.dualstack.us-east-2.amazonaws.com/jewelry/C0007/
C0008,,,Charms,,Charms,YG,MTL,DIA,,,,,,14YG,23,,,,,,StyleCode-Variant1Variant2,https://diamantra.s3.dualstack.us-east-2.amazonaws.com/jewelry/C0008/
C0009,,,Charms,,Charms,YG,MTL,DIA,,,,,,14YG,23,,,,,,StyleCode-Variant1Variant2,https://diamantra.s3.dualstack.us-east-2.amazonaws.com/jewelry/C0009/
C0010,,,Charms,,Charms,YG,MTL,DIA,,,,,,14YG,23,,,,,,StyleCode-Variant1Variant2,https://diamantra.s3.dualstack.us-east-2.amazonaws.com/jewelry/C0010/
C0011,,,Charms,,Charms,YG,MTL,DIA,,,,,,14YG,23,,,,,,StyleCode-Variant1Variant2,https://diamantra.s3.dualstack.us-east-2.amazonaws.com/jewelry/C0011/
C0012,,,Charms,,Charms,YG,MTL,DIA,,,,,,14YG,23,,,,,,StyleCode-Variant1Variant2,https://diamantra.s3.dualstack.us-east-2.amazonaws.com/jewelry/C0012/
C0014,,,Charms,,Charms,YG,MTL,DIA,,,,,,14YG,23,,,,,,StyleCode-Variant1Variant2,https://diamantra.s3.dualstack.us-east-2.amazonaws.com/jewelry/C0014/
C0017,,,Charms,,Charms,YG,MTL,DIA,,,,,,14YG,23,,,,,,StyleCode-Variant1Variant2,https://diamantra.s3.dualstack.us-east-2.amazonaws.com/jewelry/C0017/
C0018,,,Charms,,Charms,YG,MTL,DIA,,,,,,14YG,23,,,,,,StyleCode-Variant1Variant2,https://diamantra.s3.dualstack.us-east-2.amazonaws.com/jewelry/C0018/
C0022,,,Charms,,Charms,YG,MTL,DIA,,,,,,14YG,23,,,,,,StyleCode-Variant1Variant2,https://diamantra.s3.dualstack.us-east-2.amazonaws.com/jewelry/C0022/
C0023,,,Charms,,Charms,YG,MTL,DIA,,,,,,14YG,23,,,,,,StyleCode-Variant1Variant2,https://diamantra.s3.dualstack.us-east-2.amazonaws.com/jewelry/C0023/
C0024,,,Charms,,Charms,YG,MTL,DIA,,,,,,14YG,23,,,,,,StyleCode-Variant1Variant2,https://diamantra.s3.dualstack.us-east-2.amazonaws.com/jewelry/C0024/
C0025,,,Charms,,Charms,YG,MTL,DIA,,,,,,14YG,23,,,,,,StyleCode-Variant1Variant2,https://diamantra.s3.dualstack.us-east-2.amazonaws.com/jewelry/C0025/
C0026,,,Charms,,Charms,YG,MTL,DIA,,,,,,14YG,23,,,,,,StyleCode-Variant1Variant2,https://diamantra.s3.dualstack.us-east-2.amazonaws.com/jewelry/C0026/
C0027,,,Charms,,Charms,YG,MTL,DIA,,,,,,14YG,23,,,,,,StyleCode-Variant1Variant2,https://diamantra.s3.dualstack.us-east-2.amazonaws.com/jewelry/C0027/
C0028,,,Charms,,Charms,YG,MTL,DIA,,,,,,14YG,23,,,,,,StyleCode-Variant1Variant2,https://diamantra.s3.dualstack.us-east-2.amazonaws.com/jewelry/C0028/
C2033,,,Charms,,Charms,YG,MTL,DIA,,,,,,14YG,23,,,,,,StyleCode-Variant1Variant2,https://diamantra.s3.dualstack.us-east-2.amazonaws.com/jewelry/C2033/
C2034,,,Charms,,Charms,YG,MTL,DIA,,,,,,14YG,23,,,,,,StyleCode-Variant1Variant2,https://diamantra.s3.dualstack.us-east-2.amazonaws.com/jewelry/C2034/
C2035,,,Charms,,Charms,YG,MTL,DIA,,,,,,14YG,23,,,,,,StyleCode-Variant1Variant2,https://diamantra.s3.dualstack.us-east-2.amazonaws.com/jewelry/C2035/
C2036,,,Charms,,Charms,YG,MTL,DIA,,,,,,14YG,23,,,,,,StyleCode-Variant1Variant2,https://diamantra.s3.dualstack.us-east-2.amazonaws.com/jewelry/C2036/
C2037,,,Charms,,Charms,YG,MTL,DIA,,,,,,14YG,23,,,,,,StyleCode-Variant1Variant2,https://diamantra.s3.dualstack.us-east-2.amazonaws.com/jewelry/C2037/
C2038,,,Charms,,Charms,YG,MTL,DIA,,,,,,14YG,23,,,,,,StyleCode-Variant1Variant2,https://diamantra.s3.dualstack.us-east-2.amazonaws.com/jewelry/C2038/
CSS01-AQU,,,Charms,,Star Signs,YG,MTL,DIA,,,,,,14YG,23,,,,,,StyleCode-Variant1Variant2,https://diamantra.s3.dualstack.us-east-2.amazonaws.com/jewelry/CSS01-AQU/
CSS01-ARI,,,Charms,,Star Signs,YG,MTL,DIA,,,,,,14YG,23,,,,,,StyleCode-Variant1Variant2,https://diamantra.s3.dualstack.us-east-2.amazonaws.com/jewelry/CSS01-ARI/
CSS01-CAN,,,Charms,,Star Signs,YG,MTL,DIA,,,,,,14YG,23,,,,,,StyleCode-Variant1Variant2,https://diamantra.s3.dualstack.us-east-2.amazonaws.com/jewelry/CSS01-CAN/
CSS01-CAP,,,Charms,,Star Signs,YG,MTL,DIA,,,,,,14YG,23,,,,,,StyleCode-Variant1Variant2,https://diamantra.s3.dualstack.us-east-2.amazonaws.com/jewelry/CSS01-CAP/
CSS01-GEM,,,Charms,,Star Signs,YG,MTL,DIA,,,,,,14YG,23,,,,,,StyleCode-Variant1Variant2,https://diamantra.s3.dualstack.us-east-2.amazonaws.com/jewelry/CSS01-GEM/
CSS01-LEO,,,Charms,,Star Signs,YG,MTL,DIA,,,,,,14YG,23,,,,,,StyleCode-Variant1Variant2,https://diamantra.s3.dualstack.us-east-2.amazonaws.com/jewelry/CSS01-LEO/
CSS01-LIB,,,Charms,,Star Signs,YG,MTL,DIA,,,,,,14YG,23,,,,,,StyleCode-Variant1Variant2,https://diamantra.s3.dualstack.us-east-2.amazonaws.com/jewelry/CSS01-LIB/
CSS01-PIS,,,Charms,,Star Signs,YG,MTL,DIA,,,,,,14YG,23,,,,,,StyleCode-Variant1Variant2,https://diamantra.s3.dualstack.us-east-2.amazonaws.com/jewelry/CSS01-PIS/
CSS01-SAG,,,Charms,,Star Signs,YG,MTL,DIA,,,,,,14YG,23,,,,,,StyleCode-Variant1Variant2,https://diamantra.s3.dualstack.us-east-2.amazonaws.com/jewelry/CSS01-SAG/
CSS01-SCO,,,Charms,,Star Signs,YG,MTL,DIA,,,,,,14YG,23,,,,,,StyleCode-Variant1Variant2,https://diamantra.s3.dualstack.us-east-2.amazonaws.com/jewelry/CSS01-SCO/
CSS01-TAU,,,Charms,,Star Signs,YG,MTL,DIA,,,,,,14YG,23,,,,,,StyleCode-Variant1Variant2,https://diamantra.s3.dualstack.us-east-2.amazonaws.com/jewelry/CSS01-TAU/
CSS01-VIR,,,Charms,,Star Signs,YG,MTL,DIA,,,,,,14YG,23,,,,,,StyleCode-Variant1Variant2,https://diamantra.s3.dualstack.us-east-2.amazonaws.com/jewelry/CSS01-VIR/
E0100,,,Earring,,Six Fold,YG,MTL,DIA,,,,,,14YG,LG,,,,,,StyleCode-Variant1Variant2,https://diamantra.s3.dualstack.us-east-2.amazonaws.com/jewelry/E0100/
E0101,,,Earring,,Six Fold,YG,MTL,DIA,,,,,,14YG,LG,,,,,,StyleCode-Variant1Variant2,https://diamantra.s3.dualstack.us-east-2.amazonaws.com/jewelry/E0101/
E2001,,,Earring,Studs,Solitaire Studs,WG,MTL,DIA,CTTW,,,,,14WG,23,0020,,,,,StyleCode-Variant3-Variant1Variant2,https://diamantra.s3.dualstack.us-east-2.amazonaws.com/jewelry/E2001/
E2002,,,Earring,Studs,Solitaire Studs,WG,MTL,DIA,CTTW,,,,,14WG,23,0020,,,,,StyleCode-Variant3-Variant1Variant2,https://diamantra.s3.dualstack.us-east-2.amazonaws.com/jewelry/E2002/
E2003,,,Earring,Studs,Solitaire Studs,WG,MTL,DIA,CTTW,,,,,14WG,23,0020,,,,,StyleCode-Variant3-Variant1Variant2,https://diamantra.s3.dualstack.us-east-2.amazonaws.com/jewelry/E2003/
E2004,,,Earring,Studs,Solitaire Studs,WG,MTL,DIA,CTTW,,,,,14WG,23,0020,,,,,StyleCode-Variant3-Variant1Variant2,https://diamantra.s3.dualstack.us-east-2.amazonaws.com/jewelry/E2004/
E2039,,,Earring,,Aurum,YG,MTL,DIA,,,,,,14YG,23,,,,,,StyleCode-Variant1Variant2,https://diamantra.s3.dualstack.us-east-2.amazonaws.com/jewelry/E2039/
E2040,,,Earring,,Aurum,YG,MTL,DIA,,,,,,14YG,23,,,,,,StyleCode-Variant1Variant2,https://diamantra.s3.dualstack.us-east-2.amazonaws.com/jewelry/E2040/
E2041,,,Earring,,Aurum,YG,MTL,DIA,,,,,,14YG,23,,,,,,StyleCode-Variant1Variant2,https://diamantra.s3.dualstack.us-east-2.amazonaws.com/jewelry/E2041/
E2042,,,Earring,,Aurum,YG,MTL,DIA,,,,,,14YG,23,,,,,,StyleCode-Variant1Variant2,https://diamantra.s3.dualstack.us-east-2.amazonaws.com/jewelry/E2042/
E2043,,,Earring,Hoops,Hoops,WG,MTL,DIA,CTTW,,,,,14WG,23,0050,,,,,StyleCode-Variant3-Variant1Variant2,https://diamantra.s3.dualstack.us-east-2.amazonaws.com/jewelry/E2043/
E2044,,,Earring,Hoops,Hoops,WG,MTL,DIA,CTTW,,,,,14WG,23,0100,,,,,StyleCode-Variant3-Variant1Variant2,https://diamantra.s3.dualstack.us-east-2.amazonaws.com/jewelry/E2044/
E2045,,,Earring,Hoops,Hoops,WG,MTL,DIA,CTTW,,,,,14WG,23,0100,,,,,StyleCode-Variant3-Variant1Variant2,https://diamantra.s3.dualstack.us-east-2.amazonaws.com/jewelry/E2045/
E2046,,,Earring,Hoops,Hoops,WG,MTL,DIA,CTTW,,,,,14WG,23,0075,,,,,StyleCode-Variant3-Variant1Variant2,https://diamantra.s3.dualstack.us-east-2.amazonaws.com/jewelry/E2046/
E2047,,,Earring,Hoops,Hoops,WG,MTL,DIA,CTTW,,,,,14WG,23,0050,,,,,StyleCode-Variant3-Variant1Variant2,https://diamantra.s3.dualstack.us-east-2.amazonaws.com/jewelry/E2047/
E2048,,,Earring,Hoops,Hoops,WG,MTL,DIA,CTTW,,,,,14WG,23,0025,,,,,StyleCode-Variant3-Variant1Variant2,https://diamantra.s3.dualstack.us-east-2.amazonaws.com/jewelry/E2048/
E2049,,,Earring,Huggies,Huggies,WG,MTL,DIA,CTTW,,,,,14WG,23,0020,,,,,StyleCode-Variant3-Variant1Variant2,https://diamantra.s3.dualstack.us-east-2.amazonaws.com/jewelry/E2049/
E2050,,,Earring,Huggies,Huggies,WG,MTL,DIA,CTTW,,,,,14WG,23,0030,,,,,StyleCode-Variant3-Variant1Variant2,https://diamantra.s3.dualstack.us-east-2.amazonaws.com/jewelry/E2050/
E2051,,,Earring,Huggies,Huggies,WG,MTL,DIA,CTTW,,,,,14WG,23,0030,,,,,StyleCode-Variant3-Variant1Variant2,https://diamantra.s3.dualstack.us-east-2.amazonaws.com/jewelry/E2051/
E2052,,,Earring,Huggies,Huggies,WG,MTL,DIA,CTTW,,,,,14WG,23,0025,,,,,StyleCode-Variant3-Variant1Variant2,https://diamantra.s3.dualstack.us-east-2.amazonaws.com/jewelry/E2052/
E2053,,,Earring,Huggies,Huggies,WG,MTL,DIA,CTTW,,,,,14WG,23,0030,,,,,StyleCode-Variant3-Variant1Variant2,https://diamantra.s3.dualstack.us-east-2.amazonaws.com/jewelry/E2053/
E2054,,,Earring,Huggies,Huggies,WG,MTL,DIA,CTTW,,,,,14WG,23,0020,,,,,StyleCode-Variant3-Variant1Variant2,https://diamantra.s3.dualstack.us-east-2.amazonaws.com/jewelry/E2054/
E2055,,,Earring,Huggies,Huggies,WG,MTL,DIA,CTTW,,,,,14WG,23,0020,,,,,StyleCode-Variant3-Variant1Variant2,https://diamantra.s3.dualstack.us-east-2.amazonaws.com/jewelry/E2055/
E2056,,,Earring,Huggies,Huggies,WG,MTL,DIA,CTTW,,,,,14WG,23,0020,,,,,StyleCode-Variant3-Variant1Variant2,https://diamantra.s3.dualstack.us-east-2.amazonaws.com/jewelry/E2056/
E2057,,,Earring,Huggies,Huggies,WG,MTL,DIA,CTTW,,,,,14WG,23,0015,,,,,StyleCode-Variant3-Variant1Variant2,https://diamantra.s3.dualstack.us-east-2.amazonaws.com/jewelry/E2057/
E2058,,,Earring,Huggies,Huggies,WG,MTL,DIA,CTTW,,,,,14WG,23,0025,,,,,StyleCode-Variant3-Variant1Variant2,https://diamantra.s3.dualstack.us-east-2.amazonaws.com/jewelry/E2058/
E2059,,,Earring,Huggies,Huggies,WG,MTL,DIA,CTTW,,,,,14WG,23,0025,,,,,StyleCode-Variant3-Variant1Variant2,https://diamantra.s3.dualstack.us-east-2.amazonaws.com/jewelry/E2059/
E2060,,,Earring,Huggies,Huggies,WG,MTL,DIA,CTTW,,,,,14WG,23,0050,,,,,StyleCode-Variant3-Variant1Variant2,https://diamantra.s3.dualstack.us-east-2.amazonaws.com/jewelry/E2060/
E2061,,,Earring,Huggies,Huggies,WG,MTL,DIA,CTTW,,,,,14WG,23,0040,,,,,StyleCode-Variant3-Variant1Variant2,https://diamantra.s3.dualstack.us-east-2.amazonaws.com/jewelry/E2061/
E2062,,,Earring,Huggies,Huggies,WG,MTL,DIA,CTTW,,,,,14WG,23,0160,,,,,StyleCode-Variant3-Variant1Variant2,https://diamantra.s3.dualstack.us-east-2.amazonaws.com/jewelry/E2062/
E2063,,,Earring,Huggies,Huggies,WG,MTL,DIA,CTTW,,,,,14WG,23,0020,,,,,StyleCode-Variant3-Variant1Variant2,https://diamantra.s3.dualstack.us-east-2.amazonaws.com/jewelry/E2063/
E2064,,,Earring,,Terra,YG,MTL,DIA,,,,,,14YG,23,,,,,,StyleCode-Variant1Variant2,https://diamantra.s3.dualstack.us-east-2.amazonaws.com/jewelry/E2064/
E2065,,,Earring,,Terra,YG,MTL,DIA,,,,,,14YG,23,,,,,,StyleCode-Variant1Variant2,https://diamantra.s3.dualstack.us-east-2.amazonaws.com/jewelry/E2065/
E2066,,,Earring,,Terra,YG,MTL,DIA,,,,,,14YG,23,,,,,,StyleCode-Variant1Variant2,https://diamantra.s3.dualstack.us-east-2.amazonaws.com/jewelry/E2066/
E2067,,,Earring,,Terra,YG,MTL,DIA,,,,,,14YG,23,,,,,,StyleCode-Variant1Variant2,https://diamantra.s3.dualstack.us-east-2.amazonaws.com/jewelry/E2067/
N0100,,,Necklace,,Six Fold,YG,MTL,DIA,,,,,,14YG,LG,,,,,,StyleCode-Variant1Variant2,https://diamantra.s3.dualstack.us-east-2.amazonaws.com/jewelry/N0100/
N0101,,,Necklace,Station Necklace,Six Fold,YG,MTL,DIA,,,,,,14YG,LG,,,,,,StyleCode-Variant1Variant2,https://diamantra.s3.dualstack.us-east-2.amazonaws.com/jewelry/N0101/
N0102,,,Necklace,Station Necklace,Yard Necklace,WG,MTL,DIA,DIASZ,STN,,,,14WG,23,230M,05,,,,StyleCode-Variant4Variant3-Variant1Variant2,https://diamantra.s3.dualstack.us-east-2.amazonaws.com/jewelry/N0102/
N0103,,,Necklace,Station Necklace,Yard Necklace,WG,MTL,DIA,DIASZ,STN,,,,14WG,23,290M,05,,,,StyleCode-Variant4Variant3-Variant1Variant2,https://diamantra.s3.dualstack.us-east-2.amazonaws.com/jewelry/N0103/
N2068,,,Necklace,,Tennis Necklace,WG,MTL,DIA,DIASZ,,,NCKSZ,,14WG,23,030W,,,455,,StyleCode-Variant3-Variant1Variant2-Static_Variant1,https://diamantra.s3.dualstack.us-east-2.amazonaws.com/jewelry/N2068/
P2021,,,Pendant,,Solitaire Pendants,WG,MTL,DIA,CTTW,,,,,14WG,23,0020,,,,,StyleCode-Variant3-Variant1Variant2,https://diamantra.s3.dualstack.us-east-2.amazonaws.com/jewelry/P2021/
P2022,,,Pendant,,Solitaire Pendants,WG,MTL,DIA,CTTW,,,,,14WG,23,0020,,,,,StyleCode-Variant3-Variant1Variant2,https://diamantra.s3.dualstack.us-east-2.amazonaws.com/jewelry/P2022/
P2023,,,Pendant,,Solitaire Pendants,WG,MTL,DIA,CTTW,,,,,14WG,23,0020,,,,,StyleCode-Variant3-Variant1Variant2,https://diamantra.s3.dualstack.us-east-2.amazonaws.com/jewelry/P2023/
P2024,,,Pendant,,Solitaire Pendants,WG,MTL,DIA,CTTW,,,,,14WG,23,0020,,,,,StyleCode-Variant3-Variant1Variant2,https://diamantra.s3.dualstack.us-east-2.amazonaws.com/jewelry/P2024/
P2069,,,Pendant,,Aurum,YG,MTL,DIA,,,,,,14YG,23,,,,,,StyleCode-Variant1Variant2,https://diamantra.s3.dualstack.us-east-2.amazonaws.com/jewelry/P2069/
P2070,,,Pendant,Cross,Cross Pendants,WG,MTL,DIA,,,,,,14WG,23,,,,,,StyleCode-Variant1Variant2,https://diamantra.s3.dualstack.us-east-2.amazonaws.com/jewelry/P2070/
P2071,,,Pendant,Cross,Cross Pendants,WG,MTL,DIA,CTTW,,,,,14WG,23,0010,,,,,StyleCode-Variant3-Variant1Variant2,https://diamantra.s3.dualstack.us-east-2.amazonaws.com/jewelry/P2071/
P2072,,,Pendant,Cross,Cross Pendants,WG,MTL,DIA,CTTW,,,,,14WG,23,0025,,,,,StyleCode-Variant3-Variant1Variant2,https://diamantra.s3.dualstack.us-east-2.amazonaws.com/jewelry/P2072/
P2073,,,Pendant,Cross,Cross Pendants,WG,MTL,DIA,CTTW,,,,,14WG,23,0025,,,,,StyleCode-Variant3-Variant1Variant2,https://diamantra.s3.dualstack.us-east-2.amazonaws.com/jewelry/P2073/
P2074,,,Pendant,Cross,Cross Pendants,WG,MTL,DIA,CTTW,,,,,14WG,23,0025,,,,,StyleCode-Variant3-Variant1Variant2,https://diamantra.s3.dualstack.us-east-2.amazonaws.com/jewelry/P2074/
P2075,,,Pendant,Cross,Cross Pendants,WG,MTL,DIA,,,,,,14WG,23,,,,,,StyleCode-Variant1Variant2,https://diamantra.s3.dualstack.us-east-2.amazonaws.com/jewelry/P2075/
P2076,,,Pendant,,Terra,YG,MTL,DIA,,,,,,14YG,23,,,,,,StyleCode-Variant1Variant2,https://diamantra.s3.dualstack.us-east-2.amazonaws.com/jewelry/P2076/
P2077,,,Pendant,,Terra,YG,MTL,DIA,,,,,,14YG,23,,,,,,StyleCode-Variant1Variant2,https://diamantra.s3.dualstack.us-east-2.amazonaws.com/jewelry/P2077/
P2078,,,Pendant,,Terra,YG,MTL,DIA,,,,,,14YG,23,,,,,,StyleCode-Variant1Variant2,https://diamantra.s3.dualstack.us-east-2.amazonaws.com/jewelry/P2078/
P2079,,,Pendant,,Terra,YG,MTL,DIA,,,,,,14YG,23,,,,,,StyleCode-Variant1Variant2,https://diamantra.s3.dualstack.us-east-2.amazonaws.com/jewelry/P2079/
R0100,,,Ring,Three Stone,Trinity,WG,MTL,DIA,,,,RNGSZ,,14WG,LG,,,,530,,StyleCode-Variant1Variant2-Static_Variant1,https://diamantra.s3.dualstack.us-east-2.amazonaws.com/jewelry/R0100/
R0101,,,Ring,Three Stone,Trinity,WG,MTL,DIA,,,,RNGSZ,,14WG,LG,,,,530,,StyleCode-Variant1Variant2-Static_Variant1,https://diamantra.s3.dualstack.us-east-2.amazonaws.com/jewelry/R0101/
R0102,,,Ring,Three Stone,Trinity,WG,MTL,DIA,,,,RNGSZ,,14WG,LG,,,,530,,StyleCode-Variant1Variant2-Static_Variant1,https://diamantra.s3.dualstack.us-east-2.amazonaws.com/jewelry/R0102/
R0103,,,Ring,Three Stone,Trinity,WG,MTL,DIA,,,,RNGSZ,,14WG,LG,,,,530,,StyleCode-Variant1Variant2-Static_Variant1,https://diamantra.s3.dualstack.us-east-2.amazonaws.com/jewelry/R0103/
R0104,,,Ring,Three Stone,Trinity,WG,MTL,DIA,,,,RNGSZ,,14WG,LG,,,,530,,StyleCode-Variant1Variant2-Static_Variant1,https://diamantra.s3.dualstack.us-east-2.amazonaws.com/jewelry/R0104/
R0105,,,Ring,Three Stone,Trinity,WG,MTL,DIA,,,,RNGSZ,,14WG,LG,,,,530,,StyleCode-Variant1Variant2-Static_Variant1,https://diamantra.s3.dualstack.us-east-2.amazonaws.com/jewelry/R0105/
R0106,,,Ring,Three Stone,Trinity,WG,MTL,DIA,,,,RNGSZ,,14WG,LG,,,,530,,StyleCode-Variant1Variant2-Static_Variant1,https://diamantra.s3.dualstack.us-east-2.amazonaws.com/jewelry/R0106/
R0107,,,Ring,Three Stone,Trinity,WG,MTL,DIA,,,,RNGSZ,,14WG,LG,,,,530,,StyleCode-Variant1Variant2-Static_Variant1,https://diamantra.s3.dualstack.us-east-2.amazonaws.com/jewelry/R0107/
R0108,,,Ring,Three Stone,Trinity,WG,MTL,DIA,,,,RNGSZ,,14WG,LG,,,,530,,StyleCode-Variant1Variant2-Static_Variant1,https://diamantra.s3.dualstack.us-east-2.amazonaws.com/jewelry/R0108/
R0109,,,Ring,Three Stone,Trinity,WG,MTL,DIA,,,,RNGSZ,,14WG,LG,,,,530,,StyleCode-Variant1Variant2-Static_Variant1,https://diamantra.s3.dualstack.us-east-2.amazonaws.com/jewelry/R0109/
R0110,,,Ring,Three Stone,Trinity,WG,MTL,DIA,,,,RNGSZ,,14WG,LG,,,,530,,StyleCode-Variant1Variant2-Static_Variant1,https://diamantra.s3.dualstack.us-east-2.amazonaws.com/jewelry/R0110/
R0111,,,Ring,Three Stone,Trinity,WG,MTL,DIA,,,,RNGSZ,,14WG,LG,,,,530,,StyleCode-Variant1Variant2-Static_Variant1,https://diamantra.s3.dualstack.us-east-2.amazonaws.com/jewelry/R0111/
R0112,,,Ring,Three Stone,Trinity,WG,MTL,DIA,,,,RNGSZ,,14WG,LG,,,,530,,StyleCode-Variant1Variant2-Static_Variant1,https://diamantra.s3.dualstack.us-east-2.amazonaws.com/jewelry/R0112/
R0113,,,Ring,Three Stone,Trinity,WG,MTL,DIA,,,,RNGSZ,,14WG,LG,,,,530,,StyleCode-Variant1Variant2-Static_Variant1,https://diamantra.s3.dualstack.us-east-2.amazonaws.com/jewelry/R0113/
R0114,,,Ring,Three Stone,Trinity,WG,MTL,DIA,,,,RNGSZ,,14WG,LG,,,,530,,StyleCode-Variant1Variant2-Static_Variant1,https://diamantra.s3.dualstack.us-east-2.amazonaws.com/jewelry/R0114/
R0115,,,Ring,Three Stone,Trinity,WG,MTL,DIA,,,,RNGSZ,,14WG,LG,,,,530,,StyleCode-Variant1Variant2-Static_Variant1,https://diamantra.s3.dualstack.us-east-2.amazonaws.com/jewelry/R0115/
R0116,,,Ring,Three Stone,Trinity,WG,MTL,DIA,,,,RNGSZ,,14WG,LG,,,,530,,StyleCode-Variant1Variant2-Static_Variant1,https://diamantra.s3.dualstack.us-east-2.amazonaws.com/jewelry/R0116/
R0117,,,Ring,Three Stone,Trinity,WG,MTL,DIA,,,,RNGSZ,,14WG,LG,,,,530,,StyleCode-Variant1Variant2-Static_Variant1,https://diamantra.s3.dualstack.us-east-2.amazonaws.com/jewelry/R0117/
R0118,,,Ring,,Six Fold,YG,MTL,DIA,,,,RNGSZ,,14YG,LG,,,,530,,StyleCode-Variant1Variant2-Static_Variant1,https://diamantra.s3.dualstack.us-east-2.amazonaws.com/jewelry/R0118/
R0119,,,Ring,,Six Fold,YG,MTL,DIA,,,,RNGSZ,,14YG,LG,,,,530,,StyleCode-Variant1Variant2-Static_Variant1,https://diamantra.s3.dualstack.us-east-2.amazonaws.com/jewelry/R0119/
R0120,,,Ring,,Six Fold,YG,MTL,DIA,,,,RNGSZ,,14YG,LG,,,,530,,StyleCode-Variant1Variant2-Static_Variant1,https://diamantra.s3.dualstack.us-east-2.amazonaws.com/jewelry/R0120/
R0121,,,Ring,,Six Fold,YG,MTL,DIA,,,,RNGSZ,,14YG,LG,,,,530,,StyleCode-Variant1Variant2-Static_Variant1,https://diamantra.s3.dualstack.us-east-2.amazonaws.com/jewelry/R0121/
R0122,,,Ring,,Six Fold,YG,MTL,DIA,,,,RNGSZ,,14YG,LG,,,,530,,StyleCode-Variant1Variant2-Static_Variant1,https://diamantra.s3.dualstack.us-east-2.amazonaws.com/jewelry/R0122/
R0123,,,Ring,,Six Fold,YG,MTL,DIA,,,,RNGSZ,,14YG,LG,,,,530,,StyleCode-Variant1Variant2-Static_Variant1,https://diamantra.s3.dualstack.us-east-2.amazonaws.com/jewelry/R0123/
R0124,,,Ring,,,RG,MTL,DIA,,,,RNGSZ,,,,,,,530,,StyleCode-Variant1Variant2-Static_Variant1,https://diamantra.s3.dualstack.us-east-2.amazonaws.com/jewelry/R0124/
R0125,,,Ring,,,RG,MTL,DIA,,,,RNGSZ,,,,,,,530,,StyleCode-Variant1Variant2-Static_Variant1,https://diamantra.s3.dualstack.us-east-2.amazonaws.com/jewelry/R0125/
R0126,,,Ring,,,RG,MTL,DIA,,,,RNGSZ,,,,,,,530,,StyleCode-Variant1Variant2-Static_Variant1,https://diamantra.s3.dualstack.us-east-2.amazonaws.com/jewelry/R0126/
R0127,,,Ring,,,RG,MTL,DIA,,,,RNGSZ,,,,,,,530,,StyleCode-Variant1Variant2-Static_Variant1,https://diamantra.s3.dualstack.us-east-2.amazonaws.com/jewelry/R0127/
R0128,,,Ring,Bands,Eternity,WG,MTL,DIA,,,,RNGSZ,,14WG,23,,,,530,,StyleCode-Variant1Variant2-Static_Variant1,https://diamantra.s3.dualstack.us-east-2.amazonaws.com/jewelry/R0128/
R0129,,,Ring,,,RG,MTL,DIA,,,,RNGSZ,,,,,,,530,,StyleCode-Variant1Variant2-Static_Variant1,https://diamantra.s3.dualstack.us-east-2.amazonaws.com/jewelry/R0129/
R0130,,,Ring,,,RG,MTL,DIA,,,,RNGSZ,,,,,,,530,,StyleCode-Variant1Variant2-Static_Variant1,https://diamantra.s3.dualstack.us-east-2.amazonaws.com/jewelry/R0130/
R0131,,,Ring,Bands,Eternity,WG,MTL,DIA,,,,RNGSZ,,14WG,23,,,,530,,StyleCode-Variant1Variant2-Static_Variant1,https://diamantra.s3.dualstack.us-east-2.amazonaws.com/jewelry/R0131/
R0132,,,Ring,,,RG,MTL,DIA,,,,RNGSZ,,,,,,,530,,StyleCode-Variant1Variant2-Static_Variant1,https://diamantra.s3.dualstack.us-east-2.amazonaws.com/jewelry/R0132/
R0133,,,Ring,,,RG,MTL,DIA,,,,RNGSZ,,,,,,,530,,StyleCode-Variant1Variant2-Static_Variant1,https://diamantra.s3.dualstack.us-east-2.amazonaws.com/jewelry/R0133/
R0134,,,Ring,,,RG,MTL,DIA,,,,RNGSZ,,,,,,,530,,StyleCode-Variant1Variant2-Static_Variant1,https://diamantra.s3.dualstack.us-east-2.amazonaws.com/jewelry/R0134/
R0135,,,Ring,Bands,Eternity,WG,MTL,DIA,,,,RNGSZ,,14WG,23,,,,530,,StyleCode-Variant1Variant2-Static_Variant1,https://diamantra.s3.dualstack.us-east-2.amazonaws.com/jewelry/R0135/
R0136,,,Ring,,,RG,MTL,DIA,,,,RNGSZ,,,,,,,530,,StyleCode-Variant1Variant2-Static_Variant1,https://diamantra.s3.dualstack.us-east-2.amazonaws.com/jewelry/R0136/
R0137,,,Ring,,,RG,MTL,DIA,,,,RNGSZ,,,,,,,530,,StyleCode-Variant1Variant2-Static_Variant1,https://diamantra.s3.dualstack.us-east-2.amazonaws.com/jewelry/R0137/
R0138,,,Ring,,,RG,MTL,DIA,,,,RNGSZ,,,,,,,530,,StyleCode-Variant1Variant2-Static_Variant1,https://diamantra.s3.dualstack.us-east-2.amazonaws.com/jewelry/R0138/
R0139,,,Ring,,,RG,MTL,DIA,,,,RNGSZ,,,,,,,530,,StyleCode-Variant1Variant2-Static_Variant1,https://diamantra.s3.dualstack.us-east-2.amazonaws.com/jewelry/R0139/
R0202,,,Ring,,Programs,WG,MTL,DIA,,,,RNGSZ,,14WG,23,,,,530,,StyleCode-Variant1Variant2-Static_Variant1,https://diamantra.s3.dualstack.us-east-2.amazonaws.com/jewelry/R0202/
R0203,,,Ring,,Programs,WG,MTL,DIA,,,,RNGSZ,,14WG,23,,,,530,,StyleCode-Variant1Variant2-Static_Variant1,https://diamantra.s3.dualstack.us-east-2.amazonaws.com/jewelry/R0203/
R0205,,,Ring,,Programs,WG,MTL,DIA,,,,RNGSZ,,14WG,23,,,,530,,StyleCode-Variant1Variant2-Static_Variant1,https://diamantra.s3.dualstack.us-east-2.amazonaws.com/jewelry/R0205/
R0206,,,Ring,,Programs,WG,MTL,DIA,,,,RNGSZ,,14WG,23,,,,530,,StyleCode-Variant1Variant2-Static_Variant1,https://diamantra.s3.dualstack.us-east-2.amazonaws.com/jewelry/R0206/
R0207,,,Ring,,Programs,WG,MTL,DIA,,,,RNGSZ,,14WG,23,,,,530,,StyleCode-Variant1Variant2-Static_Variant1,https://diamantra.s3.dualstack.us-east-2.amazonaws.com/jewelry/R0207/
R0500,,,Ring,Bands,Eternity,WG,MTL,DIA,DIASZ,,,RNGSZ,,14WG,23,005W,,,530,,StyleCode-Variant3-Variant1Variant2-Static_Variant1,https://diamantra.s3.dualstack.us-east-2.amazonaws.com/jewelry/R0500/
R0501,,,Ring,Bands,Eternity,WG,MTL,DIA,DIASZ,,,RNGSZ,,14WG,23,005W,,,530,,StyleCode-Variant3-Variant1Variant2-Static_Variant1,https://diamantra.s3.dualstack.us-east-2.amazonaws.com/jewelry/R0501/
R0502,,,Ring,Bands,Eternity,WG,MTL,DIA,DIASZ,,,RNGSZ,,14WG,23,005W,,,530,,StyleCode-Variant3-Variant1Variant2-Static_Variant1,https://diamantra.s3.dualstack.us-east-2.amazonaws.com/jewelry/R0502/
R0503,,,Ring,Bands,Eternity,WG,MTL,DIA,DIASZ,,,RNGSZ,,14WG,23,005W,,,530,,StyleCode-Variant3-Variant1Variant2-Static_Variant1,https://diamantra.s3.dualstack.us-east-2.amazonaws.com/jewelry/R0503/
R0600,,,Ring,Bands,Eternity,WG,MTL,DIA,DIASZ,,,RNGSZ,,14WG,23,010W,,,530,,StyleCode-Variant3-Variant1Variant2-Static_Variant1,https://diamantra.s3.dualstack.us-east-2.amazonaws.com/jewelry/R0600/
R0601,,,Ring,Bands,Eternity,WG,MTL,DIA,DIASZ,,,RNGSZ,,14WG,23,010W,,,530,,StyleCode-Variant3-Variant1Variant2-Static_Variant1,https://diamantra.s3.dualstack.us-east-2.amazonaws.com/jewelry/R0601/
R0602,,,Ring,Bands,Eternity,WG,MTL,DIA,DIASZ,,,RNGSZ,,14WG,23,010W,,,530,,StyleCode-Variant3-Variant1Variant2-Static_Variant1,https://diamantra.s3.dualstack.us-east-2.amazonaws.com/jewelry/R0602/
R0603,,,Ring,Bands,Eternity,WG,MTL,DIA,DIASZ,,,RNGSZ,,14WG,23,010W,,,530,,StyleCode-Variant3-Variant1Variant2-Static_Variant1,https://diamantra.s3.dualstack.us-east-2.amazonaws.com/jewelry/R0603/
R2080,,,Ring,Bands,Eternity,WG,MTL,DIA,CTTW,,,RNGSZ,,14WG,23,0200,,,530,,StyleCode-Variant3-Variant1Variant2-Static_Variant1,https://diamantra.s3.dualstack.us-east-2.amazonaws.com/jewelry/R2080/
R2081,,,Ring,Bands,Eternity,WG,MTL,DIA,,,,RNGSZ,,14WG,23,,,,530,,StyleCode-Variant1Variant2-Static_Variant1,https://diamantra.s3.dualstack.us-east-2.amazonaws.com/jewelry/R2081/
R2082,,,Ring,Bands,Eternity,WG,MTL,DIA,CTTW,,,RNGSZ,,14WG,23,0025,,,530,,StyleCode-Variant3-Variant1Variant2-Static_Variant1,https://diamantra.s3.dualstack.us-east-2.amazonaws.com/jewelry/R2082/
R2083,,,Ring,Bands,Eternity,WG,MTL,DIA,DIASZ,,,RNGSZ,,14WG,23,250M,,,530,,StyleCode-Variant3-Variant1Variant2-Static_Variant1,https://diamantra.s3.dualstack.us-east-2.amazonaws.com/jewelry/R2083/
R2084,,,Ring,Bands,Eternity,WG,MTL,DIA,CTTW,,,RNGSZ,,14WG,23,0010,,,530,,StyleCode-Variant3-Variant1Variant2-Static_Variant1,https://diamantra.s3.dualstack.us-east-2.amazonaws.com/jewelry/R2084/
R2085,,,Ring,Bands,Eternity,WG,MTL,DIA,CTTW,,,RNGSZ,,14WG,23,0050,,,530,,StyleCode-Variant3-Variant1Variant2-Static_Variant1,https://diamantra.s3.dualstack.us-east-2.amazonaws.com/jewelry/R2085/
R2086,,,Ring,Bands,Eternity,WG,MTL,DIA,CTTW,,,RNGSZ,,14WG,23,0015,,,530,,StyleCode-Variant3-Variant1Variant2-Static_Variant1,https://diamantra.s3.dualstack.us-east-2.amazonaws.com/jewelry/R2086/
R2087,,,Ring,Bands,Eternity,WG,MTL,DIA,CTTW,,,RNGSZ,,14WG,23,0125,,,530,,StyleCode-Variant3-Variant1Variant2-Static_Variant1,https://diamantra.s3.dualstack.us-east-2.amazonaws.com/jewelry/R2087/
R2088,,,Ring,Bands,Eternity,WG,MTL,DIA,DIASZ,,,RNGSZ,,14WG,23,220M,,,530,,StyleCode-Variant3-Variant1Variant2-Static_Variant1,https://diamantra.s3.dualstack.us-east-2.amazonaws.com/jewelry/R2088/
R2089,,,Ring,Bands,Eternity,WG,MTL,DIA,DIASZ,,,RNGSZ,,14WG,23,200M,,,530,,StyleCode-Variant3-Variant1Variant2-Static_Variant1,https://diamantra.s3.dualstack.us-east-2.amazonaws.com/jewelry/R2089/
R2090,,,Ring,Bands,Eternity,WG,MTL,DIA,CTTW,,,RNGSZ,,14WG,23,0020,,,530,,StyleCode-Variant3-Variant1Variant2-Static_Variant1,https://diamantra.s3.dualstack.us-east-2.amazonaws.com/jewelry/R2090/
R2091,,,Ring,Bands,Eternity,WG,MTL,DIA,,,,RNGSZ,,14WG,23,,,,530,,StyleCode-Variant1Variant2-Static_Variant1,https://diamantra.s3.dualstack.us-east-2.amazonaws.com/jewelry/R2091/
R2092,,,Ring,,,RG,MTL,DIA,,,,RNGSZ,,,,,,,530,,StyleCode-Variant1Variant2-Static_Variant1,https://diamantra.s3.dualstack.us-east-2.amazonaws.com/jewelry/R2092/
R2093,,,Ring,Bands,Eternity,WG,MTL,DIA,DIASZ,,,RNGSZ,,14WG,23,160M,,,530,,StyleCode-Variant3-Variant1Variant2-Static_Variant1,https://diamantra.s3.dualstack.us-east-2.amazonaws.com/jewelry/R2093/
R2094,,,Ring,Bands,Eternity,WG,MTL,DIA,CTTW,,,RNGSZ,,14WG,23,0175,,,530,,StyleCode-Variant3-Variant1Variant2-Static_Variant1,https://diamantra.s3.dualstack.us-east-2.amazonaws.com/jewelry/R2094/
R2095,,,Ring,Bands,Eternity,WG,MTL,DIA,DIASZ,,,RNGSZ,,14WG,23,200M,,,530,,StyleCode-Variant3-Variant1Variant2-Static_Variant1,https://diamantra.s3.dualstack.us-east-2.amazonaws.com/jewelry/R2095/
R2096,,,Ring,Bands,Eternity,WG,MTL,DIA,DIASZ,,,RNGSZ,,14WG,23,200M,,,530,,StyleCode-Variant3-Variant1Variant2-Static_Variant1,https://diamantra.s3.dualstack.us-east-2.amazonaws.com/jewelry/R2096/
R2097,,,Ring,Bands,Eternity,WG,MTL,DIA,DIASZ,,,RNGSZ,,14WG,23,010W,,,530,,StyleCode-Variant3-Variant1Variant2-Static_Variant1,https://diamantra.s3.dualstack.us-east-2.amazonaws.com/jewelry/R2097/
R2098,,,Ring,Bands,Eternity,WG,MTL,DIA,DIASZ,,,RNGSZ,,14WG,23,230M,,,530,,StyleCode-Variant3-Variant1Variant2-Static_Variant1,https://diamantra.s3.dualstack.us-east-2.amazonaws.com/jewelry/R2098/
R2099,,,Ring,,Solitaire Accents,WG,MTL,DIA,,,,RNGSZ,,14WG,23,,,,530,,StyleCode-Variant1Variant2-Static_Variant1,https://diamantra.s3.dualstack.us-east-2.amazonaws.com/jewelry/R2099/
R2100,,,Ring,,Solitaire Accents,WG,MTL,DIA,,,,RNGSZ,,14WG,23,,,,530,,StyleCode-Variant1Variant2-Static_Variant1,https://diamantra.s3.dualstack.us-east-2.amazonaws.com/jewelry/R2100/
R2101,,,Ring,,Solitaire Accents,WG,MTL,DIA,,,,RNGSZ,,14WG,23,,,,530,,StyleCode-Variant1Variant2-Static_Variant1,https://diamantra.s3.dualstack.us-east-2.amazonaws.com/jewelry/R2101/
R2102,,,Ring,,Solitaire Accents,WG,MTL,DIA,,,,RNGSZ,,14WG,23,,,,530,,StyleCode-Variant1Variant2-Static_Variant1,https://diamantra.s3.dualstack.us-east-2.amazonaws.com/jewelry/R2102/
R2103,,,Ring,,Aurum,YG,MTL,DIA,,,,RNGSZ,,14YG,23,,,,530,,StyleCode-Variant1Variant2-Static_Variant1,https://diamantra.s3.dualstack.us-east-2.amazonaws.com/jewelry/R2103/
R2104,,,Ring,,Aurum,YG,MTL,DIA,,,,RNGSZ,,14YG,23,,,,530,,StyleCode-Variant1Variant2-Static_Variant1,https://diamantra.s3.dualstack.us-east-2.amazonaws.com/jewelry/R2104/
R2105,,,Ring,,Aurum,YG,MTL,DIA,,,,RNGSZ,,14YG,23,,,,530,,StyleCode-Variant1Variant2-Static_Variant1,https://diamantra.s3.dualstack.us-east-2.amazonaws.com/jewelry/R2105/
R2106,,,Ring,,Aurum,YG,MTL,DIA,,,,RNGSZ,,14YG,23,,,,530,,StyleCode-Variant1Variant2-Static_Variant1,https://diamantra.s3.dualstack.us-east-2.amazonaws.com/jewelry/R2106/
R2107,,,Ring,,Aurum,YG,MTL,DIA,,,,RNGSZ,,14YG,23,,,,530,,StyleCode-Variant1Variant2-Static_Variant1,https://diamantra.s3.dualstack.us-east-2.amazonaws.com/jewelry/R2107/
R2108,,,Ring,,Aurum,YG,MTL,DIA,,,,RNGSZ,,14YG,23,,,,530,,StyleCode-Variant1Variant2-Static_Variant1,https://diamantra.s3.dualstack.us-east-2.amazonaws.com/jewelry/R2108/
R2109,,,Ring,,Solitaire Accents,WG,MTL,DIA,,,,RNGSZ,,14WG,23,,,,530,,StyleCode-Variant1Variant2-Static_Variant1,https://diamantra.s3.dualstack.us-east-2.amazonaws.com/jewelry/R2109/
R2110,,,Ring,Bands,Solitaire Accents,WG,MTL,DIA,,,,RNGSZ,,14WG,23,,,,530,,StyleCode-Variant1Variant2-Static_Variant1,https://diamantra.s3.dualstack.us-east-2.amazonaws.com/jewelry/R2110/
R2111,,,Ring,,Solitaire Accents,WG,MTL,DIA,,,,RNGSZ,,14WG,23,,,,530,,StyleCode-Variant1Variant2-Static_Variant1,https://diamantra.s3.dualstack.us-east-2.amazonaws.com/jewelry/R2111/
R2112,,,Ring,,Solitaire Accents,WG,MTL,DIA,,,,RNGSZ,,14WG,23,,,,530,,StyleCode-Variant1Variant2-Static_Variant1,https://diamantra.s3.dualstack.us-east-2.amazonaws.com/jewelry/R2112/
R2113,,,Ring,,Solitaire Accents,WG,MTL,DIA,,,,RNGSZ,,14WG,23,,,,530,,StyleCode-Variant1Variant2-Static_Variant1,https://diamantra.s3.dualstack.us-east-2.amazonaws.com/jewelry/R2113/
R2114,,,Ring,,Solitaire Accents,WG,MTL,DIA,,,,RNGSZ,,14WG,23,,,,530,,StyleCode-Variant1Variant2-Static_Variant1,https://diamantra.s3.dualstack.us-east-2.amazonaws.com/jewelry/R2114/
R2115,,,Ring,,Solitaire Accents,WG,MTL,DIA,,,,RNGSZ,,14WG,23,,,,530,,StyleCode-Variant1Variant2-Static_Variant1,https://diamantra.s3.dualstack.us-east-2.amazonaws.com/jewelry/R2115/
R2116,,,Ring,,Solitaire Accents,WG,MTL,DIA,,,,RNGSZ,,14WG,23,,,,530,,StyleCode-Variant1Variant2-Static_Variant1,https://diamantra.s3.dualstack.us-east-2.amazonaws.com/jewelry/R2116/
R2117,,,Ring,,Solitaire Accents,WG,MTL,DIA,,,,RNGSZ,,14WG,23,,,,530,,StyleCode-Variant1Variant2-Static_Variant1,https://diamantra.s3.dualstack.us-east-2.amazonaws.com/jewelry/R2117/
R2118,,,Ring,Bands,Solitaire Accents,WG,MTL,DIA,,,,RNGSZ,,14WG,23,,,,530,,StyleCode-Variant1Variant2-Static_Variant1,https://diamantra.s3.dualstack.us-east-2.amazonaws.com/jewelry/R2118/
R2119,,,Ring,,Solitaire Accents,WG,MTL,DIA,,,,RNGSZ,,14WG,23,,,,530,,StyleCode-Variant1Variant2-Static_Variant1,https://diamantra.s3.dualstack.us-east-2.amazonaws.com/jewelry/R2119/
R2120,,,Ring,Bands,Solitaire Accents,WG,MTL,DIA,,,,RNGSZ,,14WG,23,,,,530,,StyleCode-Variant1Variant2-Static_Variant1,https://diamantra.s3.dualstack.us-east-2.amazonaws.com/jewelry/R2120/
R2121,,,Ring,,,RG,MTL,DIA,,,,RNGSZ,,,,,,,530,,StyleCode-Variant1Variant2-Static_Variant1,https://diamantra.s3.dualstack.us-east-2.amazonaws.com/jewelry/R2121/
R2122,,,Ring,,,RG,MTL,DIA,,,,RNGSZ,,,,,,,530,,StyleCode-Variant1Variant2-Static_Variant1,https://diamantra.s3.dualstack.us-east-2.amazonaws.com/jewelry/R2122/
R2123,,,Ring,,Solitaire Accents,WG,MTL,DIA,,,,RNGSZ,,14WG,23,,,,530,,StyleCode-Variant1Variant2-Static_Variant1,https://diamantra.s3.dualstack.us-east-2.amazonaws.com/jewelry/R2123/
R2124,,,Ring,,,RG,MTL,DIA,,,,RNGSZ,,,,,,,530,,StyleCode-Variant1Variant2-Static_Variant1,https://diamantra.s3.dualstack.us-east-2.amazonaws.com/jewelry/R2124/
R2125,,,Ring,,Solitaire Accents,WG,MTL,DIA,,,,RNGSZ,,14WG,23,,,,530,,StyleCode-Variant1Variant2-Static_Variant1,https://diamantra.s3.dualstack.us-east-2.amazonaws.com/jewelry/R2125/
R2126,,,Ring,Bands,Solitaire Accents,WG,MTL,DIA,,,,RNGSZ,,14WG,23,,,,530,,StyleCode-Variant1Variant2-Static_Variant1,https://diamantra.s3.dualstack.us-east-2.amazonaws.com/jewelry/R2126/
R2127,,,Ring,,Solitaire Accents,WG,MTL,DIA,,,,RNGSZ,,14WG,23,,,,530,,StyleCode-Variant1Variant2-Static_Variant1,https://diamantra.s3.dualstack.us-east-2.amazonaws.com/jewelry/R2127/
R2128,,,Ring,,,RG,MTL,DIA,,,,RNGSZ,,,,,,,530,,StyleCode-Variant1Variant2-Static_Variant1,https://diamantra.s3.dualstack.us-east-2.amazonaws.com/jewelry/R2128/
R2129,,,Ring,,Hidden Halo,WG,MTL,DIA,,,,RNGSZ,,14WG,23,,,,530,,StyleCode-Variant1Variant2-Static_Variant1,https://diamantra.s3.dualstack.us-east-2.amazonaws.com/jewelry/R2129/
R2130,,,Ring,,Halo,WG,MTL,DIA,,,,RNGSZ,,14WG,23,,,,530,,StyleCode-Variant1Variant2-Static_Variant1,https://diamantra.s3.dualstack.us-east-2.amazonaws.com/jewelry/R2130/
R2131,,,Ring,Bands,Halo,WG,MTL,DIA,,,,RNGSZ,,14WG,23,,,,530,,StyleCode-Variant1Variant2-Static_Variant1,https://diamantra.s3.dualstack.us-east-2.amazonaws.com/jewelry/R2131/
R2132,,,Ring,,Solitaire,WG,MTL,DIA,,,,RNGSZ,,14WG,23,,,,530,,StyleCode-Variant1Variant2-Static_Variant1,https://diamantra.s3.dualstack.us-east-2.amazonaws.com/jewelry/R2132/
R2133,,,Ring,,Halo,WG,MTL,DIA,,,,RNGSZ,,14WG,23,,,,530,,StyleCode-Variant1Variant2-Static_Variant1,https://diamantra.s3.dualstack.us-east-2.amazonaws.com/jewelry/R2133/
R2134,,,Ring,Bands,Halo,WG,MTL,DIA,,,,RNGSZ,,14WG,23,,,,530,,StyleCode-Variant1Variant2-Static_Variant1,https://diamantra.s3.dualstack.us-east-2.amazonaws.com/jewelry/R2134/
R2135,,,Ring,,Halo,WG,MTL,DIA,,,,RNGSZ,,14WG,23,,,,530,,StyleCode-Variant1Variant2-Static_Variant1,https://diamantra.s3.dualstack.us-east-2.amazonaws.com/jewelry/R2135/
R2136,,,Ring,,Hidden Halo,WG,MTL,DIA,,,,RNGSZ,,14WG,23,,,,530,,StyleCode-Variant1Variant2-Static_Variant1,https://diamantra.s3.dualstack.us-east-2.amazonaws.com/jewelry/R2136/
R2137,,,Ring,,,RG,MTL,DIA,,,,RNGSZ,,,,,,,530,,StyleCode-Variant1Variant2-Static_Variant1,https://diamantra.s3.dualstack.us-east-2.amazonaws.com/jewelry/R2137/
R2138,,,Ring,,Halo,WG,MTL,DIA,,,,RNGSZ,,14WG,23,,,,530,,StyleCode-Variant1Variant2-Static_Variant1,https://diamantra.s3.dualstack.us-east-2.amazonaws.com/jewelry/R2138/
R2139,,,Ring,,Hidden Halo,WG,MTL,DIA,,,,RNGSZ,,14WG,23,,,,530,,StyleCode-Variant1Variant2-Static_Variant1,https://diamantra.s3.dualstack.us-east-2.amazonaws.com/jewelry/R2139/
R2140,,,Ring,,Solitaire,WG,MTL,DIA,,,,RNGSZ,,14WG,23,,,,530,,StyleCode-Variant1Variant2-Static_Variant1,https://diamantra.s3.dualstack.us-east-2.amazonaws.com/jewelry/R2140/
R2141,,,Ring,,Halo,WG,MTL,DIA,,,,RNGSZ,,14WG,23,,,,530,,StyleCode-Variant1Variant2-Static_Variant1,https://diamantra.s3.dualstack.us-east-2.amazonaws.com/jewelry/R2141/
R2142,,,Ring,Bands,Halo,WG,MTL,DIA,,,,RNGSZ,,14WG,23,,,,530,,StyleCode-Variant1Variant2-Static_Variant1,https://diamantra.s3.dualstack.us-east-2.amazonaws.com/jewelry/R2142/
R2143,,,Ring,,Hidden Halo,WG,MTL,DIA,,,,RNGSZ,,14WG,23,,,,530,,StyleCode-Variant1Variant2-Static_Variant1,https://diamantra.s3.dualstack.us-east-2.amazonaws.com/jewelry/R2143/
R2144,,,Ring,,Hidden Halo,WG,MTL,DIA,,,,RNGSZ,,14WG,23,,,,530,,StyleCode-Variant1Variant2-Static_Variant1,https://diamantra.s3.dualstack.us-east-2.amazonaws.com/jewelry/R2144/
R2145,,,Ring,,Halo,WG,MTL,DIA,,,,RNGSZ,,14WG,23,,,,530,,StyleCode-Variant1Variant2-Static_Variant1,https://diamantra.s3.dualstack.us-east-2.amazonaws.com/jewelry/R2145/
R2146,,,Ring,,Halo,WG,MTL,DIA,,,,RNGSZ,,14WG,23,,,,530,,StyleCode-Variant1Variant2-Static_Variant1,https://diamantra.s3.dualstack.us-east-2.amazonaws.com/jewelry/R2146/
R2147,,,Ring,,Halo,WG,MTL,DIA,,,,RNGSZ,,14WG,23,,,,530,,StyleCode-Variant1Variant2-Static_Variant1,https://diamantra.s3.dualstack.us-east-2.amazonaws.com/jewelry/R2147/
R2148,,,Ring,,Halo,WG,MTL,DIA,,,,RNGSZ,,14WG,23,,,,530,,StyleCode-Variant1Variant2-Static_Variant1,https://diamantra.s3.dualstack.us-east-2.amazonaws.com/jewelry/R2148/
R2149,,,Ring,,Halo,WG,MTL,DIA,,,,RNGSZ,,14WG,23,,,,530,,StyleCode-Variant1Variant2-Static_Variant1,https://diamantra.s3.dualstack.us-east-2.amazonaws.com/jewelry/R2149/
R2150,,,Ring,Bands,Halo,WG,MTL,DIA,,,,RNGSZ,,14WG,23,,,,530,,StyleCode-Variant1Variant2-Static_Variant1,https://diamantra.s3.dualstack.us-east-2.amazonaws.com/jewelry/R2150/
R2151,,,Ring,,Aurum,YG,MTL,DIA,,,,RNGSZ,,14YG,23,,,,530,,StyleCode-Variant1Variant2-Static_Variant1,https://diamantra.s3.dualstack.us-east-2.amazonaws.com/jewelry/R2151/
R2152,,,Ring,,Aurum,YG,MTL,DIA,,,,RNGSZ,,14YG,23,,,,530,,StyleCode-Variant1Variant2-Static_Variant1,https://diamantra.s3.dualstack.us-east-2.amazonaws.com/jewelry/R2152/
R2153,,,Ring,,Aurum,YG,MTL,DIA,,,,RNGSZ,,14YG,23,,,,530,,StyleCode-Variant1Variant2-Static_Variant1,https://diamantra.s3.dualstack.us-east-2.amazonaws.com/jewelry/R2153/
R2154,,,Ring,,Aurum,YG,MTL,DIA,,,,RNGSZ,,14YG,23,,,,530,,StyleCode-Variant1Variant2-Static_Variant1,https://diamantra.s3.dualstack.us-east-2.amazonaws.com/jewelry/R2154/
R2155,,,Ring,,Aurum,YG,MTL,DIA,,,,RNGSZ,,14YG,23,,,,530,,StyleCode-Variant1Variant2-Static_Variant1,https://diamantra.s3.dualstack.us-east-2.amazonaws.com/jewelry/R2155/
R2156,,,Ring,,Aurum,YG,MTL,DIA,,,,RNGSZ,,14YG,23,,,,530,,StyleCode-Variant1Variant2-Static_Variant1,https://diamantra.s3.dualstack.us-east-2.amazonaws.com/jewelry/R2156/
R2157,,,Ring,,Aurum,YG,MTL,DIA,,,,RNGSZ,,14YG,23,,,,530,,StyleCode-Variant1Variant2-Static_Variant1,https://diamantra.s3.dualstack.us-east-2.amazonaws.com/jewelry/R2157/
R2158,,,Ring,,Aurum,YG,MTL,DIA,,,,RNGSZ,,14YG,23,,,,530,,StyleCode-Variant1Variant2-Static_Variant1,https://diamantra.s3.dualstack.us-east-2.amazonaws.com/jewelry/R2158/
R2159,,,Ring,,Aurum,YG,MTL,DIA,,,,RNGSZ,,14YG,23,,,,530,,StyleCode-Variant1Variant2-Static_Variant1,https://diamantra.s3.dualstack.us-east-2.amazonaws.com/jewelry/R2159/
R2160,,,Ring,,Terra,YG,MTL,DIA,,,,RNGSZ,,14YG,23,,,,530,,StyleCode-Variant1Variant2-Static_Variant1,https://diamantra.s3.dualstack.us-east-2.amazonaws.com/jewelry/R2160/
R2161,,,Ring,Bands,Art Deco,WG,MTL,DIA,,,,RNGSZ,,14WG,23,,,,530,,StyleCode-Variant1Variant2-Static_Variant1,https://diamantra.s3.dualstack.us-east-2.amazonaws.com/jewelry/R2161/
R2162,,,Ring,,Art Deco,WG,MTL,DIA,,,,RNGSZ,,14WG,23,,,,530,,StyleCode-Variant1Variant2-Static_Variant1,https://diamantra.s3.dualstack.us-east-2.amazonaws.com/jewelry/R2162/
R2163,,,Ring,Bands,Art Deco,WG,MTL,DIA,,,,RNGSZ,,14WG,23,,,,530,,StyleCode-Variant1Variant2-Static_Variant1,https://diamantra.s3.dualstack.us-east-2.amazonaws.com/jewelry/R2163/
R2164,,,Ring,,Art Deco,WG,MTL,DIA,,,,RNGSZ,,14WG,23,,,,530,,StyleCode-Variant1Variant2-Static_Variant1,https://diamantra.s3.dualstack.us-east-2.amazonaws.com/jewelry/R2164/
R2165,,,Ring,,Art Deco,WG,MTL,DIA,,,,RNGSZ,,14WG,23,,,,530,,StyleCode-Variant1Variant2-Static_Variant1,https://diamantra.s3.dualstack.us-east-2.amazonaws.com/jewelry/R2165/
R2166,,,Ring,,Art Deco,WG,MTL,DIA,,,,RNGSZ,,14WG,23,,,,530,,StyleCode-Variant1Variant2-Static_Variant1,https://diamantra.s3.dualstack.us-east-2.amazonaws.com/jewelry/R2166/
R2167,,,Ring,,Art Deco,WG,MTL,DIA,,,,RNGSZ,,14WG,23,,,,530,,StyleCode-Variant1Variant2-Static_Variant1,https://diamantra.s3.dualstack.us-east-2.amazonaws.com/jewelry/R2167/
R2168,,,Ring,,Art Deco,WG,MTL,DIA,,,,RNGSZ,,14WG,23,,,,530,,StyleCode-Variant1Variant2-Static_Variant1,https://diamantra.s3.dualstack.us-east-2.amazonaws.com/jewelry/R2168/
R2169,,,Ring,,Solitaire,WG,MTL,DIA,,,,RNGSZ,,14WG,23,,,,530,,StyleCode-Variant1Variant2-Static_Variant1,https://diamantra.s3.dualstack.us-east-2.amazonaws.com/jewelry/R2169/
R2170,,,Ring,,Enhancers,YG,MTL,DIA,,,,RNGSZ,,14YG,23,,,,530,,StyleCode-Variant1Variant2-Static_Variant1,https://diamantra.s3.dualstack.us-east-2.amazonaws.com/jewelry/R2170/
R2172,,,Ring,,Solitaire,WG,MTL,DIA,,,,RNGSZ,,14WG,23,,,,530,,StyleCode-Variant1Variant2-Static_Variant1,https://diamantra.s3.dualstack.us-east-2.amazonaws.com/jewelry/R2172/
R2173,,,Ring,,Solitaire,WG,MTL,DIA,,,,RNGSZ,,14WG,23,,,,530,,StyleCode-Variant1Variant2-Static_Variant1,https://diamantra.s3.dualstack.us-east-2.amazonaws.com/jewelry/R2173/
R2174,,,Ring,,Solitaire,WG,MTL,DIA,,,,RNGSZ,,14WG,23,,,,530,,StyleCode-Variant1Variant2-Static_Variant1,https://diamantra.s3.dualstack.us-east-2.amazonaws.com/jewelry/R2174/
R2175,,,Ring,,Enhancers,YG,MTL,DIA,,,,RNGSZ,,14YG,23,,,,530,,StyleCode-Variant1Variant2-Static_Variant1,https://diamantra.s3.dualstack.us-east-2.amazonaws.com/jewelry/R2175/
R2176,,,Ring,,Enhancers,YG,MTL,DIA,,,,RNGSZ,,14YG,23,,,,530,,StyleCode-Variant1Variant2-Static_Variant1,https://diamantra.s3.dualstack.us-east-2.amazonaws.com/jewelry/R2176/
R2177,,,Ring,,Enhancers,YG,MTL,DIA,,,,RNGSZ,,14YG,23,,,,530,,StyleCode-Variant1Variant2-Static_Variant1,https://diamantra.s3.dualstack.us-east-2.amazonaws.com/jewelry/R2177/
R2178,,,Ring,,Enhancers,YG,MTL,DIA,,,,RNGSZ,,14YG,23,,,,530,,StyleCode-Variant1Variant2-Static_Variant1,https://diamantra.s3.dualstack.us-east-2.amazonaws.com/jewelry/R2178/
R2179,,,Ring,,Enhancers,YG,MTL,DIA,,,,RNGSZ,,14YG,23,,,,530,,StyleCode-Variant1Variant2-Static_Variant1,https://diamantra.s3.dualstack.us-east-2.amazonaws.com/jewelry/R2179/
R2180,,,Ring,,Enhancers,YG,MTL,DIA,,,,RNGSZ,,14YG,23,,,,530,,StyleCode-Variant1Variant2-Static_Variant1,https://diamantra.s3.dualstack.us-east-2.amazonaws.com/jewelry/R2180/
R2181,,,Ring,,Enhancers,YG,MTL,DIA,,,,RNGSZ,,14YG,23,,,,530,,StyleCode-Variant1Variant2-Static_Variant1,https://diamantra.s3.dualstack.us-east-2.amazonaws.com/jewelry/R2181/
R2182,,,Ring,,Enhancers,YG,MTL,DIA,,,,RNGSZ,,14YG,23,,,,530,,StyleCode-Variant1Variant2-Static_Variant1,https://diamantra.s3.dualstack.us-east-2.amazonaws.com/jewelry/R2182/
R2183,,,Ring,,Enhancers,YG,MTL,DIA,,,,RNGSZ,,14YG,23,,,,530,,StyleCode-Variant1Variant2-Static_Variant1,https://diamantra.s3.dualstack.us-east-2.amazonaws.com/jewelry/R2183/
R2184,,,Ring,,Enhancers,YG,MTL,DIA,,,,RNGSZ,,14YG,23,,,,530,,StyleCode-Variant1Variant2-Static_Variant1,https://diamantra.s3.dualstack.us-east-2.amazonaws.com/jewelry/R2184/
R2185,,,Ring,,Enhancers,YG,MTL,DIA,,,,RNGSZ,,14YG,23,,,,530,,StyleCode-Variant1Variant2-Static_Variant1,https://diamantra.s3.dualstack.us-east-2.amazonaws.com/jewelry/R2185/
R2186,,,Ring,,,RG,MTL,DIA,,,,RNGSZ,,,,,,,530,,StyleCode-Variant1Variant2-Static_Variant1,https://diamantra.s3.dualstack.us-east-2.amazonaws.com/jewelry/R2186/
